Window_Time,Daylight_enc,Fatigue_Val,Stress_Val,Energy_Val,Pleasant_Val,Hold_Time_mean,Hold_Time_std,IKD_mean,IKD_std,Keystroke_Count,Typing_Speed_kps,App_Freq_mean,App_Switch_Count,BG_App_mean,BG_App_max,Inactivity_Total_s,Inactivity_Count,Inactivity_Mean_s,Mouse_Speed_mean,Mouse_Speed_std,Mouse_Speed_max,Mouse_Event_Count
2021-09-10 11:30:00,1,AVERAGE,LOW,LOW,AVERAGE,22096.97296468367,232873.9309696589,76566.06394842004,920901.7847287583,227.0,0.08407637543736568,92.7708380197389,3.837844459516052,8.07624696300148,8.057548682393392,362.1155708771852,1.331665542729934,354.8267173086879,2.144389348292081,3.51609332932417,17.40016278615923,8.745925183208115
2021-09-10 12:00:00,1,AVERAGE,HIGH,HIGH,LOW,113473.2759041126,1396190.972114687,30289.26647426455,56025.43661925266,304.4567965105832,0.1537863177214557,179.6892222931507,83.6689956618488,8.035301600016565,8.994760020029961,2225.553473635085,69.75808355110895,31.53952031879776,6.606271599034431,32.64653950720356,755.9728401402677,670.2219578009197
2021-09-10 12:30:00,1,AVERAGE,AVERAGE,HIGH,AVERAGE,1553.218508120964,14653.59423120708,32455.34931780318,0.0,1068.53803279586,0.5764215658790695,330.9579082541611,53.36318375496646,8.387014891052779,8.974958668087892,2107.812731106007,61.85292632194795,32.9992095424303,7.771184094047475,17.56168335373341,216.1173656929946,793.4726379910396
2021-09-10 13:00:00,1,AVERAGE,AVERAGE,AVERAGE,AVERAGE,8089.289051828351,110082.5704237029,0.0,0.0,255.162976104434,0.147562093243444,241.8181346803845,33.13428584409082,8.608302195576988,9.017336473875147,3151.281217940543,27.35123449567952,111.8148527216145,10.62906247288074,32.37684077817989,344.7960386387023,348.142168506984
2021-09-10 13:30:00,1,AVERAGE,LOW,AVERAGE,HIGH,14144.49324709381,194655.7511039733,26036.26757228978,163156.7036387217,334.5280895430718,0.183597444588773,404.354566915581,11.44490486753009,8.95241035018362,8.994824192874262,2554.244204256849,38.1910363867508,64.77847711093762,5.502854281293005,10.77534098427957,133.7259736144021,527.2812144032438
2021-09-10 14:00:00,1,AVERAGE,AVERAGE,AVERAGE,AVERAGE,8604.01506098514,118728.0616769984,0.0,70535.85267854642,262.8773452920267,0.1548078284062406,312.6935620577925,42.92192070609691,9.004912723693398,8.99886830219292,2204.041986273231,37.20629598391202,60.34992488316919,5.897942606428343,16.69527111101225,309.8797985361841,646.8689833104553
2021-09-10 14:30:00,1,HIGH,LOW,AVERAGE,HIGH,4149.009853940568,152234.6737652537,8117.669525483504,254679.0582707709,440.9160650637444,0.2516801456832525,366.5247916878038,16.96154294087884,8.973449446720409,8.993755888158786,5144.766220447174,46.96324581037604,107.4007040866708,7.115838151255733,20.54228539790261,248.2595019341093,335.5641972794059
2021-09-10 15:00:00,1,AVERAGE,AVERAGE,LOW,AVERAGE,1319.028986466549,6510.878954424845,0.0,50273.02592716034,60.74076235143356,0.02667371561136156,382.318272196271,17.37150662212505,9.06671616957819,9.928234348317456,1473.407780489856,16.04878973434419,89.86808435830847,14.13337570619185,45.80676189205144,455.2558772645635,157.6738893715972
2021-09-10 15:30:00,1,AVERAGE,AVERAGE,AVERAGE,AVERAGE,9736.30222719489,96713.84252014643,57324.19359342691,53985.60382339366,192.2938478341937,0.1032796326261322,405.2316805312435,15.22726773566838,9.380353428897688,9.94358380304953,2026.875403503749,55.18151194314584,36.9248082278118,10.96347952853837,32.38622303576391,279.9889510310938,510.7269778229877
2021-09-10 16:00:00,2,HIGH,AVERAGE,AVERAGE,AVERAGE,15319.42122134708,152856.8223372812,105756.5167415181,0.0,269.30662295562,0.127212248165244,318.3209880897395,22.96574259897157,8.48889500884189,9.081546234984257,2383.152528882742,67.62589880408711,36.80768984351579,9.681977143354027,26.33896831146558,316.7444153495762,645.7802413730858
2021-09-10 16:30:00,2,HIGH,HIGH,AVERAGE,LOW,17977.17737621671,191901.8914687707,36053.79005658341,248282.80667069,119.7128280295454,0.05420612861451507,197.1495771913004,45.8806059546786,7.016371839214155,8.00829906629794,2928.164405593052,31.90800304333979,90.68722472650566,11.849105070289,37.24895150135001,557.2371957592428,449.4381846279153
2021-09-10 17:00:00,2,HIGH,AVERAGE,LOW,AVERAGE,72033.44872644442,411302.1314601916,0.0,240994.2759748457,56.81810105212254,0.02610761604097865,329.1702388710231,22.52513129705709,6.935728295174969,6.874357406911162,2837.019390858222,33.25837655382972,90.04384052249894,10.08736591820165,33.64199338629088,450.7024153070829,426.4651875874089
2021-09-10 17:30:00,2,AVERAGE,HIGH,HIGH,LOW,2068.927158045941,31074.00509884889,15278.13185296701,0.0,432.8672740974259,0.2540168225824389,205.5679826347811,77.56254523675945,7.278692109704244,8.079523456915721,2899.58657377433,54.13447287229444,52.55213044140602,8.89708532715142,19.99805203214311,216.3382259272958,559.962527529408
2021-09-10 18:00:00,2,AVERAGE,AVERAGE,HIGH,AVERAGE,2594.05777861583,0.0,20127.98128139034,111856.0311335609,672.9378894807022,0.3962053523610112,432.5894469485386,19.80073476924564,7.568469950744139,8.076442527776837,2161.547475881831,55.5463744876438,39.36903954125678,7.999319531807808,25.33836584796208,350.5298322092172,459.3799232089098
2021-09-10 18:30:00,2,AVERAGE,HIGH,AVERAGE,LOW,0.0,21298.32157480055,20084.89888689985,0.0,83.56898746277838,0.04893783006692793,271.7958705690608,78.73521919255774,6.833374174994256,7.034960987900323,1560.069432401065,32.29943107948466,46.93474965219208,9.677392375730433,28.67937414811791,364.6581618396484,701.3176988156891
2021-09-10 19:00:00,2,AVERAGE,AVERAGE,AVERAGE,AVERAGE,49542.11866643514,193943.0841297279,253835.5549416711,2496140.780377155,600.0,0.09886080098575452,276.2736662166648,48.0,7.437043905026039,6.0,1316.290371601425,47.0,40.94335226275778,8.857254984321704,32.56069856193083,320.0007625091377,323.0
2021-09-10 19:30:00,2,AVERAGE,AVERAGE,AVERAGE,AVERAGE,13656.77721068296,368742.4079977546,637356.5487498053,2147955.756046163,451.0,0.1575181686820011,293.555811267766,26.0,7.680424895774802,6.0,2438.046257441215,34.0,25.047952711481,10.36152343858128,32.44159402983393,120.1126096783759,706.0
2021-09-10 20:00:00,2,AVERAGE,AVERAGE,AVERAGE,AVERAGE,15705.88710977866,222124.2486636004,147248.920880732,2732589.35670583,408.0,0.275754277086964,349.1895110902453,15.0,8.124055784945213,8.0,1513.967209246511,67.0,46.38877880572158,13.74601053413131,26.46462006342232,194.7527085422678,517.0
2021-09-10 20:30:00,2,AVERAGE,HIGH,HIGH,LOW,5474.493657404961,473280.0847351683,135909.9077607898,966945.2335710361,150.0,0.2781988446808454,333.467869370402,49.0,6.592732622910755,7.0,2910.607623315554,55.0,21.49869844154009,12.08002348448598,40.8038035967945,240.0516974437152,581.0
2021-09-10 21:00:00,2,AVERAGE,AVERAGE,AVERAGE,AVERAGE,4805.739470977394,204411.2716129723,138362.0777297353,955985.9865052633,327.0,0.2058304269756923,320.4401884741887,29.0,7.804712428188601,10.0,510.3418390926729,38.0,18.2463759177686,5.982914918816858,24.96115147408722,358.2007987768058,549.0
2021-09-10 21:30:00,2,AVERAGE,AVERAGE,AVERAGE,AVERAGE,69382.18182635472,217329.040459977,84953.90790633258,967823.3868431434,10.0,0.1968208314260449,381.4595438412198,47.0,8.6340114890819,8.0,2572.52050201665,59.0,106.5174233977783,7.147170422938286,19.42130055080511,626.1189105973506,554.0
2021-09-10 22:00:00,2,AVERAGE,AVERAGE,AVERAGE,AVERAGE,40974.57887287006,237449.4779737496,70855.57451449236,1363566.702337584,366.0,0.1103317914188128,306.8409167589105,50.0,8.044696885056872,9.0,2368.764342277148,57.0,61.21381687336964,6.034844163735911,30.35720784049965,208.5838817182308,439.0
2021-09-10 22:30:00,2,HIGH,AVERAGE,AVERAGE,AVERAGE,36372.32715657159,686518.0518225204,195084.7187448539,1734403.662616103,419.0,0.2278276223850561,324.4885288468812,35.0,8.021443431633854,7.0,4276.32385264249,44.0,48.01255918886312,10.31520072081023,39.74319363908194,579.4903765179824,292.0
2021-09-10 23:00:00,2,HIGH,AVERAGE,AVERAGE,AVERAGE,47385.08067229071,241880.0065753266,110613.5705030732,1104470.214620077,323.0,0.1756973972843923,335.4114452420209,38.0,8.67730944486832,7.0,4267.699456810801,51.0,58.39676021155401,10.97033962664393,25.69297615350818,420.0935988712183,401.0
2021-09-10 23:30:00,2,AVERAGE,AVERAGE,HIGH,AVERAGE,51107.15316791355,264852.9949153049,382077.8588335892,1260690.556014315,365.0,0.2364348878001198,360.8364060679196,46.0,7.787231151562403,7.0,2041.200450868233,49.0,40.31117833163299,8.81689656466723,21.85362215115839,207.0378613188203,680.0
2021-09-11 00:00:00,2,AVERAGE,AVERAGE,AVERAGE,AVERAGE,13031.73442720133,216259.0343436092,389186.6003806439,2917252.631567263,207.0,0.2284914234201922,348.3878041592509,42.0,7.257857402916853,9.0,2600.251934360275,34.0,67.53828353063835,6.215501513318481,36.22659495380665,771.8511979338663,492.0
2021-09-11 00:30:00,2,HIGH,AVERAGE,AVERAGE,AVERAGE,42727.92070941149,140803.3593246806,123353.4306619487,2000680.948583184,424.0,0.08489253299460774,313.6717142614554,37.0,6.817809691808613,9.0,5874.179822822164,44.0,119.0323830826334,5.831864705213671,21.08082518572698,252.5205991641554,462.0
2021-09-11 01:00:00,2,HIGH,AVERAGE,AVERAGE,AVERAGE,55482.92359868786,311373.2367733198,255007.7589377002,1039590.382241566,188.0,0.2403502114433685,259.6573123159473,55.0,7.884257772567992,9.0,5222.339804003342,46.0,52.07685265952065,6.001223863251933,25.95087050127246,618.5062524149287,459.0
2021-09-11 01:30:00,2,AVERAGE,AVERAGE,AVERAGE,AVERAGE,6477.859733765179,110584.4995743886,129542.5927548336,800388.8337246616,314.0,0.1208500468160087,259.8670500166974,35.0,7.782256307137782,7.0,752.6492113079696,38.0,102.0031849658201,9.003096069062607,32.32738276427555,509.7416218794621,531.0
2021-09-11 02:00:00,2,HIGH,HIGH,HIGH,LOW,33794.14738474608,188057.9788497892,225701.6620348083,2468187.011712904,383.0,0.4000011236062079,254.0977373883233,55.0,7.703955233765387,9.0,5050.883449284764,66.0,91.23622748891036,8.364174704924402,29.00733810234468,387.8965186766366,323.0
2021-09-11 02:30:00,2,HIGH,AVERAGE,AVERAGE,AVERAGE,2423.283442590029,366683.9674878774,88597.16960408131,2221961.036467984,302.0,0.06756606571498594,285.2949528994283,43.0,8.507131904202323,8.0,2933.98746000169,48.0,3.640589432452828,6.589254256837627,25.59396221045904,196.3511677934777,546.0
2021-09-11 03:00:00,2,AVERAGE,AVERAGE,HIGH,AVERAGE,38457.78133161837,146967.8841747959,94392.20778591922,919319.2080467555,701.0,0.2565064873884606,352.9109510999176,45.0,8.728444704806423,8.0,1608.373185839924,57.0,38.17208811611133,9.786450355821403,31.16324264945413,136.0872135069697,355.0
2021-09-11 03:30:00,2,AVERAGE,HIGH,AVERAGE,LOW,41609.77477508849,268142.4588655956,159048.6662449661,1149439.724240106,164.0,0.2851703697449968,269.8504516008522,44.0,7.612537134748386,7.0,1976.67604846461,61.0,117.9224067885537,10.61988186927998,33.71138639224232,145.1756470387058,401.0
2021-09-11 04:00:00,2,AVERAGE,HIGH,AVERAGE,LOW,21168.37789458385,327067.7553198446,354231.5116900293,559627.2157039038,387.0,0.1278336558692876,304.9339691764966,63.0,7.950526850390789,8.0,1248.561653903565,44.0,41.98821857915669,11.21782503427418,27.60268789438988,396.913717277958,426.0
2021-09-11 04:30:00,2,HIGH,HIGH,AVERAGE,LOW,49742.08613378211,414611.2391549242,137739.975382849,2063743.386552535,558.0,0.04935670526923441,266.746630507581,55.0,7.009097342029388,7.0,4171.355804833697,56.0,50.92645922822015,9.397054850327844,35.04978530210798,303.7394972446609,278.0
2021-09-11 05:00:00,2,HIGH,AVERAGE,LOW,AVERAGE,33407.63778282083,84878.17185412327,48337.43039670445,1425581.149787488,25.0,0.03620634429899577,333.8218409117148,25.0,7.369200990652626,9.0,1822.272967857388,59.0,154.288932564623,10.23722125390615,28.28254714962054,587.876677788636,473.0
2021-09-11 05:30:00,2,AVERAGE,AVERAGE,AVERAGE,AVERAGE,40460.96789844988,175282.5803152873,203692.5643027403,1258406.023554646,111.0,0.1691519635197899,318.7164376858884,40.0,6.963382719140967,7.0,812.3787464576378,57.0,59.78087710047537,9.434475922360331,19.07074125334496,295.5873495483085,643.0
2021-09-11 06:00:00,2,AVERAGE,AVERAGE,HIGH,AVERAGE,62060.20131143724,709644.8080401841,182669.7601949144,1236221.400549141,457.0,0.3050579577934017,288.8260180123377,34.0,8.54327469801622,8.0,1786.871230939247,51.0,82.86117563866291,11.05808834963737,34.01933576459665,672.7206848427708,275.0
2021-09-11 06:30:00,2,AVERAGE,HIGH,AVERAGE,LOW,20671.43046770071,201360.4265461716,117793.8286024273,782569.5788149264,384.0,0.083305073227972,340.6639623444312,68.0,8.077590073329958,8.0,2887.706660479198,55.0,78.84793382915527,7.904504592933915,34.03689277850492,320.1288089935694,512.0
2021-09-11 07:00:00,2,HIGH,AVERAGE,AVERAGE,AVERAGE,34843.14371897851,303076.681666898,131639.9105292463,1055188.602736398,559.0,0.03418998480146032,290.0104110067882,21.0,6.407577144743328,9.0,2890.564466667579,60.0,0.3820101585501305,10.29876228254385,23.47169435590317,172.9779242400089,391.0
2021-09-11 07:30:00,2,AVERAGE,AVERAGE,AVERAGE,AVERAGE,17196.0880811181,142130.6699350808,556047.3083520411,1753349.660810167,205.0,0.1438134757254966,301.6489146302333,38.0,8.010260281904756,7.0,1270.783919124457,58.0,18.98693325134266,11.47814613474225,28.75199770450173,1121.68710895999,472.0
2021-09-11 08:00:00,2,AVERAGE,AVERAGE,AVERAGE,AVERAGE,8589.259916986151,314990.4565911071,307872.5704320406,627504.5597231477,258.0,0.1730606634999786,361.5491453284195,21.0,7.680350131355907,8.0,2438.383757594073,52.0,54.62403682386419,9.184269708040983,24.58661732598188,353.8222658636955,509.0
2021-09-11 08:30:00,2,HIGH,AVERAGE,AVERAGE,AVERAGE,460.2029686086425,142963.5220381386,789121.374589962,2691319.604013518,159.0,0.152281822879706,168.1879913168472,30.0,8.088237146576956,7.0,2931.283169470655,57.0,75.36723412711915,8.620492019005939,32.37045154060318,181.5670484211169,545.0
2021-09-11 09:00:00,2,HIGH,AVERAGE,AVERAGE,AVERAGE,13132.29250899224,116055.3263734109,222084.8087920531,1751225.967435145,261.0,0.1037021978719844,331.4878571413603,37.0,7.588135196714768,9.0,2829.911107039995,49.0,131.9497275063657,10.2805351486203,23.77013778894916,463.9554017503114,556.0
2021-09-11 09:30:00,2,HIGH,AVERAGE,AVERAGE,AVERAGE,12021.65615938171,137071.035834441,139063.9759037289,1216048.69603658,410.0,0.1612775371490035,351.0959080068611,29.0,7.345192991332045,9.0,4232.364856787024,71.0,95.05113946472328,10.12761243587967,26.37447701767894,514.6899370566913,400.0
2021-09-11 10:00:00,2,AVERAGE,HIGH,AVERAGE,LOW,7172.456932281229,225442.1888308091,203404.4975593403,2536024.98095747,448.0,0.1825843190100876,324.6011205644429,37.0,7.574008524111632,8.0,1838.062271160613,53.0,25.79853523588636,13.61941892959524,30.90163476744341,150.4854689787328,403.0
2021-09-11 10:30:00,2,AVERAGE,HIGH,AVERAGE,LOW,58994.77338703554,176480.0354943195,287619.1177421263,1268571.928814007,174.0,0.0535111350174578,270.1509288260096,62.0,6.935087745098835,9.0,1059.831707726427,66.0,56.9550746602352,8.817793490124227,40.43793280067725,373.6665138550105,577.0
2021-09-11 11:00:00,2,AVERAGE,HIGH,AVERAGE,LOW,2681.581576873788,252273.2980625495,241628.4739656944,3045742.515579061,190.0,0.08130577965173985,323.4660438651235,50.0,6.99038890117329,8.0,1121.492827835766,48.0,67.94414996465846,9.835873165206614,24.88776282253725,326.23325649477,675.0
2021-09-11 11:30:00,2,AVERAGE,AVERAGE,AVERAGE,AVERAGE,16545.65639674059,266127.8655973138,234115.080399564,2614680.193057444,219.0,0.1225844863597606,310.5416837571745,42.0,6.768344782269327,7.0,2350.131875743602,54.0,110.4293490333668,6.633348643112461,29.85477926060377,299.4184362745023,467.0
2021-09-11 12:00:00,2,AVERAGE,AVERAGE,AVERAGE,AVERAGE,40478.00236701136,119514.3354195264,62114.85688731346,1584800.273670164,152.0,0.1210535088794898,211.275630331588,39.0,8.275800661779849,8.0,2272.32312520938,56.0,69.29915762191352,7.753242641331439,16.74119504446148,365.5235193567134,413.0
2021-09-11 12:30:00,2,AVERAGE,HIGH,AVERAGE,LOW,34988.48839494948,118417.6882465186,476257.789769756,1038672.867045809,104.0,0.1565974296134436,420.0718903115884,63.0,6.312109238164659,10.0,2996.276480813008,43.0,47.88438518597516,10.06747112130054,29.30866703863109,372.8675844430904,415.0
2021-09-11 13:00:00,2,AVERAGE,AVERAGE,AVERAGE,AVERAGE,14598.97722368086,130163.9807102969,328746.660331527,787829.148529483,306.0,0.1675695144622602,306.7534117432229,21.0,7.460492186930126,8.0,841.2367994613237,62.0,85.36536388065221,11.81184590856611,40.68658285258638,380.9007458095745,571.0
2021-09-11 13:30:00,2,AVERAGE,AVERAGE,AVERAGE,AVERAGE,15484.92567179011,269111.0582447642,155066.4440520517,779044.8708828001,71.0,0.163010983217716,361.3201550311838,28.0,6.843914694860059,9.0,2236.917867038487,62.0,77.17694386412754,12.4971400102676,27.55514778312752,573.3059892953373,630.0
2021-09-11 14:00:00,2,AVERAGE,AVERAGE,AVERAGE,AVERAGE,14814.5575088713,143863.4500289196,147120.7240565075,815150.8157032202,551.0,0.1552355854370316,368.8526673444907,30.0,7.422501205716129,9.0,1038.039228521728,37.0,84.68759976280867,7.599860354327546,27.7348445416407,427.0063953624182,427.0
2021-09-11 14:30:00,2,AVERAGE,AVERAGE,HIGH,AVERAGE,54151.73158279029,421388.0145842648,215442.8016898446,1733010.681981571,449.0,0.2058979178705123,269.3223590826861,46.0,6.80294837902894,8.0,1126.048043898284,56.0,32.44211955513319,6.48816378181912,28.34178792774281,441.5219904363147,541.0
2021-09-11 15:00:00,2,AVERAGE,AVERAGE,AVERAGE,AVERAGE,777.9651202873538,119569.8166896535,375500.0846778247,1959183.792786574,718.0,0.08652902992224924,286.6375468321891,19.0,9.010907454698422,8.0,2450.280752611561,47.0,10.84789977185189,8.027614639944233,29.26255937662339,693.944584850237,615.0
2021-09-11 15:30:00,2,HIGH,HIGH,AVERAGE,LOW,7123.219573349557,328962.9732651802,336210.0718710002,2013099.086269351,481.0,0.1557785104747239,231.0191452730365,50.0,9.085402386951321,9.0,3890.509934232968,68.0,3.910454894175402,10.50412373446738,32.16016808702875,444.524707742872,332.0
2021-09-11 16:00:00,2,HIGH,AVERAGE,AVERAGE,AVERAGE,10330.70843793159,226279.6059260562,217442.457145664,1656138.633801117,425.0,0.2074106040631585,285.6965634992083,11.0,8.488859167540753,10.0,5362.734234553921,40.0,39.01965669406511,10.25492941640524,29.07860746599672,168.3304425434207,413.0
2021-09-11 16:30:00,2,HIGH,HIGH,AVERAGE,LOW,53825.03857420395,251732.9598419536,180609.391405013,643611.0809703982,175.0,0.09996786762666034,257.847221881984,48.0,6.035942591490982,9.0,3670.716453153938,77.0,46.64555540231842,9.54523132371202,35.53447106207951,240.5551586866316,549.0
2021-09-11 17:00:00,2,AVERAGE,AVERAGE,HIGH,AVERAGE,7637.382665177629,192074.0908518125,463951.9963159098,2226718.619280254,305.0,0.3302058571837264,352.614682994773,42.0,7.646456824197483,8.0,2099.854770655183,58.0,91.69344615379335,8.392373622638495,26.58618100120964,403.6803556918925,436.0
2021-09-11 17:30:00,2,HIGH,AVERAGE,AVERAGE,AVERAGE,19548.94125985603,153468.5808666428,200238.0141132014,1440814.462191697,397.0,0.1179045258613288,318.0520644699353,13.0,7.835132542360757,8.0,3329.409493453649,35.0,76.5542443904758,10.60842325948033,34.30321197148092,256.5290801582906,605.0
2021-09-11 18:00:00,2,AVERAGE,AVERAGE,AVERAGE,AVERAGE,216.3087991405628,213521.9664768422,110015.4098984702,601097.6340827215,15.0,0.2688941887851746,315.9483096133893,47.0,8.2638904868146,9.0,1767.691616005542,32.0,88.52637767161937,6.545731348532984,39.27361161408292,613.2536639769382,644.0
2021-09-11 18:30:00,2,HIGH,AVERAGE,AVERAGE,AVERAGE,15496.04146511246,117173.0892734816,129358.1276360747,1246839.452157136,203.0,0.1978304288558579,282.0232547401633,32.0,7.245607579538959,8.0,5365.466806229051,69.0,65.12094810015569,9.851776461813309,33.51118525001639,246.1213770768613,438.0
2021-09-11 19:00:00,2,AVERAGE,HIGH,AVERAGE,LOW,19371.63579891584,329642.2528579813,371544.2740555959,1205390.989924622,621.0,0.1198478614947205,329.3917607797203,56.0,6.883309038863483,8.0,1469.831433794319,54.0,89.31425103382634,12.18683174239696,25.95231707443474,1325.102700334756,370.0
2021-09-11 19:30:00,2,AVERAGE,HIGH,AVERAGE,LOW,11993.26810100047,144965.4458215059,182995.7074049591,609613.4425505133,723.0,0.02999996470858984,279.2855858196137,58.0,7.819325834025017,8.0,2504.82148486717,50.0,66.86251037042047,9.801219385039015,25.36056230772434,425.4770861025359,484.0
2021-09-11 20:00:00,2,HIGH,HIGH,AVERAGE,LOW,2012.346746823052,116444.4963464968,272482.4480779645,1900449.165041372,127.0,0.1235243604971714,293.7903702619165,55.0,6.603831317031997,8.0,2708.375331801625,58.0,84.97764221990792,11.82882692847792,28.8809166486567,551.5476904784549,498.0
2021-09-11 20:30:00,2,AVERAGE,AVERAGE,AVERAGE,AVERAGE,19756.28464881925,309964.8989369412,59083.73051812522,647444.0455766114,243.0,0.2994189317186179,307.2483646021965,25.0,5.656815142255848,8.0,1348.480887492399,55.0,86.92690311796642,6.619610657942593,27.45263404484027,780.0170446852878,351.0
2021-09-11 21:00:00,2,HIGH,HIGH,HIGH,LOW,21890.53421917226,149464.1242802099,230736.9989194459,862897.3513729327,374.0,0.2681602007929427,277.0447171993598,45.0,6.355315252570412,8.0,4605.14529423326,56.0,84.75817622709417,10.36833489222601,31.77106966106043,333.0705353642399,634.0
2021-09-11 21:30:00,2,AVERAGE,AVERAGE,HIGH,AVERAGE,20831.58617977622,200156.1749050203,238222.5518552806,3206424.230044295,345.0,0.3122247198832974,329.2835561171207,46.0,7.315932640132073,7.0,1523.954261842933,30.0,103.4953362833205,6.001638053818536,21.80336396069919,1729.713301837351,339.0
2021-09-11 22:00:00,2,AVERAGE,AVERAGE,HIGH,AVERAGE,23854.32875607359,181229.4219214237,171267.4937682738,717734.4516599798,269.0,0.275794155784475,249.1814156750425,39.0,6.668135117169694,9.0,1962.708595383907,67.0,109.892729328987,11.0934915445358,26.23700059223896,456.6205637889675,652.0
2021-09-11 22:30:00,2,AVERAGE,HIGH,HIGH,LOW,48898.49736754273,117464.9521918776,229370.0563636183,808231.3929341801,468.0,0.2343009773518588,334.3615185037548,49.0,7.474989328968758,7.0,2666.808518330864,71.0,70.36072736415677,10.79593861855551,42.79841882557067,785.945815943043,590.0
2021-09-11 23:00:00,2,AVERAGE,AVERAGE,AVERAGE,AVERAGE,21378.89118997481,258734.5858722212,167842.130529705,1059169.373343996,201.0,0.1577970747214526,359.2751747289557,37.0,7.157957299291721,9.0,3434.398848432481,33.0,109.793530137867,7.70826361210955,29.66659070441909,241.7888494573828,633.0
2021-09-11 23:30:00,2,AVERAGE,AVERAGE,HIGH,AVERAGE,6480.626502890405,209246.8878966344,256495.5320996123,2072833.676669715,289.0,0.2967022318976899,231.335715892615,29.0,7.703286967056669,7.0,858.076878819772,37.0,50.25490015407519,12.93955118635593,32.04883619466603,65.48866774679759,542.0
2021-09-12 00:00:00,2,HIGH,AVERAGE,AVERAGE,AVERAGE,19330.55250611793,130060.4496714817,332883.6449944832,1690953.91947518,499.0,0.1433256973252381,288.7103089451841,50.0,7.880514671540416,8.0,3483.530387166289,51.0,90.02618283367121,8.51599022613716,21.08278494624618,652.9763056979577,284.0
2021-09-12 00:30:00,2,AVERAGE,AVERAGE,AVERAGE,AVERAGE,51770.1297792632,756011.8716255251,271039.2686853942,2612317.647604052,422.0,0.1027866649460565,265.0839002371388,40.0,7.083439147487313,8.0,2276.190864000375,47.0,131.8582315762164,9.43709976209359,28.42140282273316,686.7111164033902,599.0
2021-09-12 01:00:00,2,LOW,HIGH,HIGH,LOW,39590.36686508298,85285.53734805071,137711.0226960709,1358648.22133613,665.0,0.3063281649899757,312.5804777411085,50.0,8.512602300634141,8.0,1030.715072985737,41.0,25.90522634499594,12.49557058836714,27.98329939830261,186.1763161695881,389.0
2021-09-12 01:30:00,2,AVERAGE,AVERAGE,AVERAGE,AVERAGE,32071.7335097037,351966.7113326168,269701.2874856876,1262051.310463112,151.0,0.09524722110640196,326.6412495890851,32.0,8.006840459433402,8.0,2248.528075567786,48.0,57.44554976205,12.14323777914801,25.56367160400453,263.2242430776412,538.0
2021-09-12 02:00:00,2,AVERAGE,HIGH,HIGH,LOW,46410.74880807423,213200.9038687158,134397.3370593701,808893.7824467466,423.0,0.2969066325971629,266.8796724060297,56.0,7.673696420801374,7.0,1238.229557754273,49.0,1.830367401879428,10.72906052104295,24.93925084581818,378.4172204227387,757.0
2021-09-12 02:30:00,2,AVERAGE,AVERAGE,AVERAGE,AVERAGE,3455.7618557161,416087.3835117126,188428.2632496108,1246012.001883635,451.0,0.1582956821330713,269.269461976043,48.0,8.612488525601105,7.0,3017.773775602533,47.0,27.43981469637236,7.254978485910344,32.54967062383323,302.687431476415,461.0
2021-09-12 03:00:00,2,AVERAGE,HIGH,HIGH,LOW,16593.7495868966,218667.241983214,152090.2609907179,716161.8323683336,365.0,0.2037115495755651,256.6118149535438,69.0,6.337218919208564,9.0,2313.719984957767,31.0,39.46483403106618,9.25106898141639,29.13399073418289,388.5378386818745,348.0
2021-09-12 03:30:00,2,HIGH,AVERAGE,AVERAGE,AVERAGE,13740.96006533222,156027.7937061901,162824.4585660063,2948098.392930008,42.0,0.2397761014389758,256.2142408610817,32.0,7.470963785347095,8.0,4347.894947737205,37.0,93.61751371239815,8.537753262524953,13.8358867071392,411.9490614948606,555.0
2021-09-12 04:00:00,2,AVERAGE,AVERAGE,AVERAGE,AVERAGE,48885.46792081145,202375.7785060329,228374.3616446761,689066.7456693251,456.0,0.1983799899115469,253.172073413107,33.0,6.610101794364727,7.0,2503.274818878942,62.0,79.19084272512772,10.51937618990248,30.45013543876983,383.9208018028,472.0
2021-09-12 04:30:00,2,AVERAGE,AVERAGE,AVERAGE,AVERAGE,3225.391313177242,94366.646115779,258291.3449496792,633066.6121530249,153.0,0.1706540495038615,388.9213100790333,48.0,7.990141547848748,8.0,1763.860565774456,47.0,115.213390636837,9.1960793495951,40.85808793860722,308.4520804963158,398.0
2021-09-12 05:00:00,2,AVERAGE,HIGH,AVERAGE,LOW,12288.61929202286,160535.7007261379,351193.102781625,1561073.383791508,342.0,0.08954961776254697,252.1404843733793,59.0,6.798409069323423,9.0,2084.586015690802,61.0,18.320893255954,11.77082884329719,30.22701561700025,270.1938371275323,650.0
2021-09-12 05:30:00,2,AVERAGE,AVERAGE,AVERAGE,AVERAGE,45824.11919357137,184256.4103840534,200867.4298520186,1677451.549415019,218.0,0.2491716152103037,307.2037130231589,24.0,8.547173755186765,9.0,2989.384378851368,38.0,53.78738326360442,11.98034523385644,31.90987123905133,333.1755567827107,315.0
2021-09-12 06:00:00,2,AVERAGE,AVERAGE,HIGH,AVERAGE,12581.81931111374,157795.9191232526,382415.7973706578,1043852.46203659,344.0,0.2474800894997846,353.5975691114131,42.0,6.307376946687427,7.0,2240.665089204367,59.0,146.1402728358358,8.326178973377456,30.73920968798299,315.5585143955524,452.0
2021-09-12 06:30:00,2,AVERAGE,HIGH,HIGH,LOW,27154.66847661509,204232.443824348,268129.02515073,708316.4363231516,214.0,0.3057211392574543,343.2373731285708,54.0,8.919946092997897,9.0,2341.26401978783,67.0,25.67885832706551,9.247468140044193,22.6187624268591,256.8194385827496,359.0
2021-09-12 07:00:00,2,AVERAGE,AVERAGE,AVERAGE,AVERAGE,47008.26172761353,132173.9854218082,281295.9862856566,1313713.1978524,550.0,0.1437236579913805,316.0536173667877,18.0,6.106392612108857,9.0,2917.683979425791,51.0,6.708368227133178,11.38779304344844,17.85269810748636,430.7044129089909,683.0
2021-09-12 07:30:00,2,AVERAGE,AVERAGE,HIGH,AVERAGE,32505.27157125528,199531.0792451699,161956.6577593865,759577.8421385529,628.0,0.2280656404747927,258.9768178596772,26.0,8.296808723557907,8.0,1564.016546982386,40.0,13.28707755857225,10.66473522547277,34.7080309496759,374.6872588754026,597.0
2021-09-12 08:00:00,2,AVERAGE,AVERAGE,AVERAGE,AVERAGE,16785.7923988225,174906.7598202118,512982.8803444697,2467493.153043052,314.0,0.2363226391856921,230.1440803916794,27.0,7.496447267939966,7.0,2087.15459605682,63.0,73.7329177916143,7.398953114782671,27.08276171304193,273.2279627644875,341.0
2021-09-12 08:30:00,2,AVERAGE,HIGH,AVERAGE,LOW,49288.60741854482,145086.070742594,118795.4203335059,1393297.732496998,270.0,0.2037029981948887,320.3064873835544,52.0,6.553928946354226,9.0,2728.378936730891,54.0,115.3421251021706,9.482141741368412,35.02512686203969,499.4901845433629,485.0
2021-09-12 09:00:00,2,AVERAGE,AVERAGE,AVERAGE,AVERAGE,3712.508322473717,216793.7704126475,85429.56861120155,1507937.326073087,499.0,0.1261128440434793,380.5399138961971,36.0,7.009476487279025,7.0,1380.64182507464,60.0,108.1957940142139,10.78711172621825,30.45140176636241,249.3740452711392,149.0
2021-09-12 09:30:00,2,AVERAGE,AVERAGE,HIGH,AVERAGE,37691.46151154777,192414.0821047587,147755.5781208202,1807430.974352132,71.0,0.348668062617612,321.1918741842851,26.0,7.358376314928513,8.0,1990.641216466668,53.0,59.44144516986143,9.07474575649093,24.9971213307694,475.4499227523202,654.0
2021-09-12 10:00:00,2,AVERAGE,AVERAGE,HIGH,AVERAGE,41945.80542886717,85911.81918972745,113509.2350158934,961830.9248270437,478.0,0.2801264783310439,380.097545263675,44.0,8.280358426349148,8.0,1861.135669877237,50.0,42.9380093538189,8.357008006603474,29.98749626436295,512.6122032733515,467.0
2021-09-12 10:30:00,2,HIGH,AVERAGE,AVERAGE,AVERAGE,15670.11305797814,110844.6617779655,203797.8437822573,1530742.953058752,649.0,0.1328862260603387,369.9494831438962,18.0,8.256067532686556,8.0,4382.094468086834,77.0,118.5005328564167,8.026029186640383,21.64134863517755,439.4910057650355,541.0
2021-09-12 11:00:00,2,AVERAGE,AVERAGE,HIGH,AVERAGE,2418.765543198624,204157.5139732164,238754.444601624,456173.0220023685,291.0,0.3577524223944365,380.3540701444296,52.0,8.723054594980663,8.0,3977.073039399807,62.0,25.91447940064911,8.0333663604824,34.08687032836688,691.9861904116028,658.0
2021-09-12 11:30:00,2,AVERAGE,HIGH,HIGH,LOW,14228.78012701224,537422.2237047836,407829.2143404321,2165496.665544549,473.0,0.2914815896061531,343.8234675668373,47.0,8.867835414807047,9.0,1806.709026461028,43.0,82.01826585801113,10.00331601078919,26.07666191207422,1064.572353799176,237.0
2021-09-12 12:00:00,2,AVERAGE,AVERAGE,AVERAGE,AVERAGE,44606.26259795477,441716.1106646429,341516.3333011629,553116.8784055884,152.0,0.2459172732356138,307.1253373742497,41.0,6.692718292300886,8.0,2873.540004218754,30.0,114.4247326862392,9.287961258130517,27.23268277760817,305.6979637749412,509.0
2021-09-12 12:30:00,2,AVERAGE,AVERAGE,AVERAGE,AVERAGE,17975.17651042159,111643.071515286,91203.03686987139,1462074.796650685,276.0,0.1816641987784228,272.1715916630537,33.0,7.463710648913823,8.0,3127.493576197253,32.0,62.43642788045394,11.14103029918256,27.8048564617805,454.9822657220415,521.0
2021-09-12 13:00:00,2,AVERAGE,HIGH,HIGH,LOW,2649.760781922334,270258.8788012301,150047.8147111784,539436.564337534,686.0,0.2013261175910808,281.4007143743448,48.0,6.307485058210875,7.0,2982.924482435849,59.0,72.45954951329625,10.03667853238219,37.2739803062636,504.5077573572431,539.0
2021-09-12 13:30:00,2,AVERAGE,HIGH,HIGH,LOW,18186.42348543209,336669.4717818723,240779.9317651356,2156495.203217825,361.0,0.4755187283450594,317.9696174099075,63.0,7.231199108331087,8.0,2434.937133549545,53.0,87.6643206087134,9.216015892895284,35.34050541415212,443.4486787247627,446.0
2021-09-12 14:00:00,2,AVERAGE,AVERAGE,AVERAGE,AVERAGE,40671.69162084447,238208.4871530435,251067.033615493,1042585.832028805,174.0,0.02494956168160772,398.9124059401855,35.0,7.174696070104805,9.0,1882.920969350325,49.0,16.63028647560522,8.619920716976761,25.73529568371839,470.2986419672625,438.0
2021-09-12 14:30:00,2,AVERAGE,AVERAGE,AVERAGE,AVERAGE,39871.14701000867,146617.8261490162,163921.8446092902,388151.7305461776,353.0,0.1864175455687402,283.3210413412017,38.0,7.005180110945951,8.0,2716.794887574855,42.0,39.34939699473074,9.290651597447098,19.18344625536402,440.9754824024068,510.0
2021-09-12 15:00:00,2,AVERAGE,HIGH,HIGH,LOW,7658.297143325924,61935.14551346747,406160.4169843566,1422399.488879893,30.0,0.3061492667860055,294.9474062481863,61.0,8.659153504174645,9.0,3068.860571900494,47.0,49.38810325681687,8.466617144569177,23.34049176639196,355.1008702221114,636.0
2021-09-12 15:30:00,2,AVERAGE,HIGH,HIGH,LOW,27654.02106987259,128909.2171424639,187272.3558988421,744680.7735275195,556.0,0.3231907982294386,252.9024780124395,46.0,7.617887040399991,8.0,1444.087282518865,72.0,74.99034099922171,14.05292437407751,32.83516214039192,315.4404024055252,523.0
2021-09-12 16:00:00,2,AVERAGE,AVERAGE,HIGH,AVERAGE,34419.94190315581,297374.8132429605,94878.12295465135,855200.2124453359,325.0,0.3239164731880585,296.0896452848495,48.0,8.729330780086492,7.0,3143.738930672619,50.0,56.62817979027024,7.985830197642674,27.02744681648743,361.9962587626125,497.0
2021-09-12 16:30:00,2,HIGH,HIGH,HIGH,LOW,36888.69652446617,375874.5900753422,332743.4770558703,2565450.991580861,419.0,0.1574392524160031,319.0922298219366,77.0,6.435952410423364,8.0,4283.981337463456,55.0,70.3806439816346,7.935128514535935,26.59583766999895,168.1275642381312,372.0
2021-09-12 17:00:00,2,HIGH,AVERAGE,AVERAGE,AVERAGE,4408.537911465664,264963.9389357711,150943.0852369297,541642.8835213006,284.0,0.01925996601839214,345.3818063575602,30.0,6.499136071018327,8.0,2968.161115654608,69.0,122.3006010577404,7.698860168838649,27.1206707948029,552.9385239746712,481.0
2021-09-12 17:30:00,2,AVERAGE,AVERAGE,AVERAGE,AVERAGE,23902.05549078809,254639.8043368982,252940.1656310299,1411979.272873731,525.0,0.1075117600541132,206.8519646337131,44.0,7.037300454721815,8.0,2613.859895311077,57.0,70.62493064413881,7.554215999030647,36.93933664874145,279.9959271557788,474.0
2021-09-12 18:00:00,2,AVERAGE,HIGH,AVERAGE,LOW,38874.97517298012,107592.6820190653,153098.8273382257,699964.0321521973,108.0,0.1180522942127004,276.2605651181383,54.0,7.512503613719135,9.0,2229.084605436503,18.0,51.43769370557975,10.78221960209807,24.49052301506876,451.1206884834381,560.0
2021-09-12 18:30:00,2,HIGH,AVERAGE,AVERAGE,AVERAGE,27292.60958791311,119895.1356902104,402996.5802295257,1407892.879734966,415.0,0.1491951228210072,277.5471461827241,25.0,7.723534362467207,8.0,4352.569458071044,57.0,61.764902930091,6.464429241485904,28.95057324743805,382.2299166316374,441.0
2021-09-12 19:00:00,2,AVERAGE,AVERAGE,AVERAGE,AVERAGE,33488.09381341036,558264.2578976724,178516.4446987006,945536.42682985,20.0,0.2717948555285122,323.5829185412545,49.0,6.807599834584921,8.0,2543.798753363092,46.0,14.67463723646007,8.266129772661444,24.44503377945494,418.5318260739095,574.0
2021-09-12 19:30:00,2,AVERAGE,AVERAGE,HIGH,AVERAGE,1609.96196876785,176636.0973857644,260659.6076131564,1039137.934123914,102.0,0.2584558245683404,318.087804094555,44.0,7.521938694507817,6.0,1729.394677443951,35.0,87.08648758929004,9.859101184815644,33.73478277227389,186.0303012826318,652.0
2021-09-12 20:00:00,2,HIGH,AVERAGE,AVERAGE,AVERAGE,44070.87728788205,308937.7396493124,62216.97980476845,1295492.098129668,113.0,0.2192801275917931,332.5100332464394,33.0,5.973848359549266,9.0,3895.537403702979,47.0,118.0299667188084,9.406849892262521,23.77790487796942,468.8431972457517,722.0
2021-09-12 20:30:00,2,AVERAGE,AVERAGE,AVERAGE,AVERAGE,9702.503764751435,297759.9888929932,218145.7592802244,1101747.099156087,137.0,0.118227927717918,298.661876377386,27.0,7.342111445074932,8.0,2167.641940593965,55.0,93.58632639454409,7.874828011300552,25.61724756482823,279.6184590821949,664.0
2021-09-12 21:00:00,2,AVERAGE,HIGH,AVERAGE,LOW,25145.39017482377,89780.58491584151,118030.6594517665,1036257.165658308,352.0,0.04485366683274797,323.7657711079221,63.0,7.160523325504764,9.0,1776.480581352011,57.0,78.78315887354857,11.48813045224034,29.05045363140609,341.6892591777164,613.0
2021-09-12 21:30:00,2,HIGH,HIGH,AVERAGE,LOW,3549.622817410822,148857.7183706127,135738.1730780457,1266526.331232173,463.0,0.1129657088969179,348.3775970587661,42.0,7.588330836099286,8.0,2554.205080006104,75.0,64.54935323421721,12.5655931523449,26.92095694032652,308.8134815410509,587.0
2021-09-12 22:00:00,2,AVERAGE,AVERAGE,HIGH,AVERAGE,57316.86160844233,319184.3453937406,327286.3098081672,1132114.815424752,466.0,0.1839286590836143,295.5185654930027,44.0,7.238760799123364,8.0,2222.221844726616,51.0,97.09057814496856,9.835980043912835,22.41853366576645,259.2646038953744,542.0
2021-09-12 22:30:00,2,HIGH,HIGH,HIGH,LOW,24484.34093337187,192052.7589507844,267309.9999279298,700904.5216715456,541.0,0.2366929717628503,251.1067371013893,60.0,8.589931739445243,7.0,4566.781661821638,55.0,103.5637424023105,8.702287727068157,27.11516081505173,255.1446008626541,253.0
2021-09-12 23:00:00,2,AVERAGE,AVERAGE,AVERAGE,AVERAGE,2738.98616350834,312093.5914234092,147388.8234583759,2042152.74216799,306.0,0.2830124760071837,250.7645572630054,29.0,7.953553273859049,8.0,2453.030400001933,53.0,87.539702543354,9.112712169629935,40.57145105940435,1650.930634860142,381.0
2021-09-12 23:30:00,2,HIGH,HIGH,AVERAGE,LOW,28883.00374500503,192815.1481149387,168042.1095480517,560601.8903272476,511.0,0.2409172505751468,401.8353585377321,49.0,7.63132688087961,8.0,6380.221270737728,68.0,71.18399526949277,10.93233010549186,30.25831921966679,391.0930439369093,184.0
2021-09-13 00:00:00,2,AVERAGE,AVERAGE,AVERAGE,AVERAGE,19163.23466478268,123583.8457158724,130452.1698034416,1679747.180957719,1.0,0.08375780322671533,235.2208212543785,39.0,8.274763238631873,8.0,1515.478919761215,69.0,93.37386438665166,6.776617525259844,21.7655822855887,120.6727681633619,465.0
2021-09-13 00:30:00,2,HIGH,AVERAGE,AVERAGE,AVERAGE,3921.916614244234,274970.2074930094,196930.0105841753,443015.0260326009,222.0,0.2697673305659504,305.9420287580423,30.0,7.10388240469832,8.0,5076.808091089297,57.0,45.37875437367093,9.700484988198154,24.31005755571377,274.1722625530144,423.0
2021-09-13 01:00:00,2,HIGH,HIGH,HIGH,LOW,29866.72281075349,243561.6663388993,259163.9549922839,1283789.021443761,192.0,0.2460273545048853,284.6119550507544,53.0,6.484492976790357,7.0,4437.946660673807,68.0,83.34637387929061,9.590287663338295,28.94103294356324,376.9404391359179,564.0
2021-09-13 01:30:00,2,HIGH,AVERAGE,AVERAGE,AVERAGE,10779.60470164491,291985.604539426,138631.2376693732,1566478.243244189,62.0,0.1024798430587906,287.3780825218835,35.0,8.214471017542563,7.0,3832.597450042881,49.0,111.1254563585712,9.332792915244035,29.69558129068279,469.2947843135679,414.0
2021-09-13 02:00:00,2,AVERAGE,HIGH,AVERAGE,LOW,18760.0853719066,178776.9094728207,160310.1335154818,1296899.235825522,374.0,0.1506662267131346,346.0273466490648,55.0,7.245984589566958,9.0,2955.258247429237,56.0,137.1825816432027,9.085354234371295,12.6697984063587,142.7984117037382,404.0
2021-09-13 02:30:00,2,HIGH,AVERAGE,AVERAGE,AVERAGE,7952.126348296148,223895.3121579888,289609.1859701308,858465.4874597308,261.0,0.1515692037361709,307.8668783896318,38.0,7.995237372973286,7.0,3553.138850129475,87.0,72.9217426663443,10.87184912452108,31.04734506318317,228.4990920320923,622.0
2021-09-13 03:00:00,2,HIGH,AVERAGE,LOW,AVERAGE,9965.861266825785,447592.1657990912,190487.6604913637,1065400.809086511,275.0,0.01506323397801745,331.6006115746251,32.0,6.895504026852127,9.0,2659.631204223254,35.0,89.88908077083252,11.16606960314445,15.54208029254726,539.4508085594118,299.0
2021-09-13 03:30:00,2,HIGH,AVERAGE,AVERAGE,AVERAGE,60031.35653257505,136206.4459766548,438520.5139827709,1991393.460339217,39.0,0.2170779303683648,285.5391665112269,32.0,7.639991815659086,8.0,2257.240011952874,75.0,112.759474822024,10.17127805496058,31.63361509049166,343.4546513910058,581.0
2021-09-13 04:00:00,2,AVERAGE,AVERAGE,HIGH,AVERAGE,51398.27844934014,118799.8798087758,220810.5605929967,742729.9056975028,136.0,0.3221583930693621,328.8877605645158,44.0,7.229143409218158,9.0,2469.134622639607,50.0,136.2202478248133,9.694045262647737,30.77263969255168,384.3234009871546,512.0
2021-09-13 04:30:00,2,HIGH,AVERAGE,AVERAGE,AVERAGE,8767.898287039565,159817.7358122862,123594.1460095157,1255487.274859118,325.0,0.1967540748386953,236.7092164183204,18.0,8.365271050113785,8.0,4056.647939226103,48.0,95.41519060970091,11.28086861777089,21.93374171779042,257.1645441302038,627.0
2021-09-13 05:00:00,2,HIGH,AVERAGE,HIGH,AVERAGE,18957.72052202405,258073.0193418988,162335.012606322,1041680.367393947,379.0,0.2401809140694377,336.6259450149351,41.0,7.009298798833628,9.0,3462.347992266446,53.0,59.44121616218435,10.59589759163711,26.59240200734149,447.1537454494399,489.0
2021-09-13 05:30:00,2,AVERAGE,HIGH,HIGH,LOW,39111.81133697592,207843.2470117981,78345.51712934319,5048995.146130328,313.0,0.177390285508475,187.1850622410607,62.0,7.24767054348079,9.0,1887.128928711236,70.0,61.40850651405859,8.408733593043598,29.40868934744837,427.0404552265606,529.0
2021-09-13 06:00:00,2,AVERAGE,AVERAGE,AVERAGE,AVERAGE,61140.00796884672,319980.3014589589,97925.71961104513,963568.1417154425,505.0,0.1231299962015046,398.6110477931185,31.0,6.657760214457023,9.0,1998.517338740607,41.0,113.4409772173913,8.978153830522416,32.96510134449572,544.0351313808153,478.0
2021-09-13 06:30:00,2,AVERAGE,HIGH,AVERAGE,LOW,20255.71779193572,260847.7843356093,210177.547362922,1376413.536501933,229.0,0.2394210698390721,228.8573663419052,53.0,7.742514119984335,8.0,1573.773555920795,37.0,124.6856024862926,13.57038632306056,19.35272585792948,415.564794014356,369.0
2021-09-13 07:00:00,2,HIGH,AVERAGE,AVERAGE,AVERAGE,91.52104590923773,293396.4358255207,327190.8975272647,623286.1888376309,381.0,0.01,355.1232558857436,9.0,8.969439554668407,10.0,3503.870989824579,61.0,36.74152948771822,10.23040167126764,36.49822394990215,554.9451691289038,593.0
2021-09-13 07:30:00,2,HIGH,AVERAGE,HIGH,AVERAGE,3455.598705134795,186857.1645555538,195443.6432026437,1199731.504677327,642.0,0.1907826973723926,401.9424140995279,51.0,8.95266656101445,8.0,4183.591363540348,56.0,35.1351605973801,8.425141300506066,25.05163124464183,377.4676803973884,501.0
2021-09-13 08:00:00,2,AVERAGE,HIGH,AVERAGE,LOW,63424.07573898054,315413.9788749235,73295.17994859294,2029783.534896996,253.0,0.1504440448382702,396.8192219653668,90.0,6.595724179354273,9.0,2030.248699080789,43.0,42.95230167014992,8.196735940811632,27.58313272390858,355.2461745310894,354.0
2021-09-13 08:30:00,2,AVERAGE,HIGH,HIGH,LOW,25491.00018897231,159551.6307013697,152467.1853222776,3682051.200743435,40.0,0.3318531189798335,324.9396835215699,66.0,7.957231761057752,8.0,3083.195473404298,44.0,44.71279729029069,8.554299579219226,19.3759304854231,332.0350684294229,471.0
2021-09-13 09:00:00,2,AVERAGE,HIGH,HIGH,LOW,18950.80202926821,885721.6066807237,295287.0251867231,1128857.587724887,405.0,0.4589909361470174,391.5368611412827,65.0,7.354648428611995,8.0,2824.661662865985,44.0,48.39204261017258,15.04326491190248,38.673464325117,202.9488745468954,713.0
2021-09-13 09:30:00,2,AVERAGE,HIGH,HIGH,LOW,21633.69613182662,169154.9261156913,341736.826763469,666053.322973184,316.0,0.2150788845927316,356.356764687491,57.0,7.983762785416176,7.0,1591.997420979814,62.0,79.54428481426372,9.833856685253034,40.48353353863867,421.2148223662113,592.0
2021-09-13 10:00:00,2,HIGH,AVERAGE,AVERAGE,AVERAGE,33237.69383962739,330730.8717385784,251247.2894227695,1181342.191957131,158.0,0.1087955223445538,298.7832728568006,46.0,8.497835281917569,9.0,2423.637987182745,66.0,33.82952882259392,8.95918178583421,25.07012366079648,1005.884786466198,400.0
2021-09-13 10:30:00,2,AVERAGE,AVERAGE,HIGH,AVERAGE,32142.77827257233,221483.1482417547,361963.8356750335,821312.9496894666,489.0,0.2442414522100618,312.8287643097981,26.0,8.490097186838154,8.0,1886.466645376051,26.0,82.3612344492655,8.78349285032803,38.24308867548744,100.8291018212255,555.0
2021-09-13 11:00:00,1,AVERAGE,HIGH,AVERAGE,LOW,1040.564955117249,0.0,2898639.870312627,25225936.54085029,97.5822291038968,0.05278710999241042,319.5002577214589,119.7358472831996,4.949540026088937,4.988054235006945,2257.672550323124,45.30197056693703,48.49267816690543,8.031512779922716,25.89480562941789,350.6741842221732,532.089319244001
2021-09-13 11:30:00,1,AVERAGE,HIGH,AVERAGE,LOW,2042.712311087755,26693.37996353539,22871.31329591373,0.0,94.27716434572098,0.03869312297444298,316.7249832235826,61.97652453604661,6.796245185105596,7.992601675604265,2270.660759073607,49.05239934095784,48.85153295019325,7.034272119010823,22.78729550823446,309.4538893570266,630.4808237004252
2021-09-13 12:00:00,1,AVERAGE,AVERAGE,AVERAGE,AVERAGE,15266.49723338751,169534.2032044352,55494.02670671909,14775.97770855818,180.1436160542739,0.09571483316761398,343.9771261406623,54.22965379552432,6.888576483515362,7.11202969903595,2386.230151532579,56.36479084004054,48.35571376697359,5.361483833667354,11.82719805362157,123.9332914242892,659.8027886630397
2021-09-13 12:30:00,1,HIGH,AVERAGE,AVERAGE,AVERAGE,9383.672267839705,44814.41981920118,74647.12395374644,0.0,115.4402894327013,0.09244307644342332,403.5585931979971,22.80232140883166,6.970964613969366,6.911530859421483,2727.518959939838,60.55896581630823,47.04440827845404,6.325736710535574,17.93486737475029,221.290432477769,475.1932205072079
2021-09-13 13:00:00,1,AVERAGE,AVERAGE,HIGH,AVERAGE,16038.77176436791,266785.7994528431,0.0,0.0,419.603773889454,0.2465212792132283,394.4206806118713,34.39159569172296,7.060226764530332,7.942485967376674,2798.340194519827,79.0299263863149,41.47393510543403,7.953632662211157,25.9892143936166,420.6517772125392,712.7853068599094
2021-09-13 13:30:00,1,HIGH,AVERAGE,LOW,AVERAGE,10966.60384948664,114023.6908038509,23353.16643571261,216388.3831365626,159.0074048906004,0.06878805595453905,337.1026239429397,20.88495170827677,6.532109887569001,6.943016796905224,2912.439414272291,23.5442588003701,119.7342664426682,10.90789139693604,34.88586454140165,401.3850629896413,259.1140490867483
2021-09-13 14:00:00,1,AVERAGE,AVERAGE,AVERAGE,AVERAGE,25191.94818509102,181727.0820211752,32237.91780633795,88710.17842935432,233.3091370456144,0.1193936934216977,394.2688320772763,24.76942825414317,5.957840299652687,6.051772402987154,2726.646138496071,30.9251315419263,84.27375346455855,6.873189049857622,17.4277273896551,264.8450201325666,403.1666332678532
2021-09-13 14:30:00,1,AVERAGE,AVERAGE,AVERAGE,AVERAGE,2084.105874877418,20691.63979951943,0.0,264019.0648258232,357.9538076004712,0.2004522689736034,406.7400089265294,24.57330782951517,5.997227647307634,5.969102139655517,2096.296844717652,72.82962752121244,31.20955026519853,6.378585789328323,16.68797396000013,249.7944787977083,591.7008901221545
2021-09-13 15:00:00,1,AVERAGE,HIGH,AVERAGE,LOW,25487.21319532143,237106.7237402406,250924.7101232857,1579851.571823446,73.0,0.2427125838409041,408.9767373163661,41.0,7.179782732056043,9.0,2062.563493771853,62.0,63.82353534658677,12.09018241232605,32.24264749895,345.8944705176014,516.0
2021-09-13 15:30:00,1,HIGH,HIGH,AVERAGE,LOW,6316.374423079149,515246.2110419584,159461.6010446862,885969.1560554692,292.0,0.1071476128599962,253.5590764939372,60.0,7.493250079996828,7.0,5542.840421120378,71.0,34.66722221087436,9.593117239395335,26.02347880987177,262.2507961343116,572.0
2021-09-13 16:00:00,1,AVERAGE,LOW,HIGH,HIGH,21225.58918139444,166988.0780574277,183578.8300462243,1086408.810643238,416.0,0.3378505643368377,368.6270858716103,21.0,6.719099002506107,8.0,1792.990561748942,49.0,91.70564714444565,5.753836562505507,29.7343643625386,577.6147571742845,461.0
2021-09-13 16:30:00,1,AVERAGE,HIGH,HIGH,LOW,9118.97759335954,326084.2073386828,189682.3645869629,813687.7547196457,299.0,0.3536967026865049,259.8272352527812,52.0,8.115104738983934,9.0,3136.781699197738,70.0,32.31713487638945,9.482749056133411,27.94225721436556,281.2665787042511,533.0
2021-09-13 17:00:00,1,HIGH,AVERAGE,AVERAGE,AVERAGE,16320.41114348937,111364.3030180028,214337.0419533819,2299472.236230036,169.0,0.2302214441532891,379.9878023770677,43.0,6.014791894035056,8.0,6871.545129962012,55.0,16.30621665234458,9.636787162263895,33.37222745070084,279.6307123740133,314.0
2021-09-13 17:30:00,1,AVERAGE,AVERAGE,HIGH,AVERAGE,16988.63054623707,127229.3914140426,174942.5741046408,2035659.602690376,518.0,0.196739770522187,341.3142315191882,40.0,8.731071046194836,8.0,2060.046769035803,68.0,77.71885414454346,9.393992036638302,31.10806133183311,262.5256054172182,658.0
2021-09-13 18:00:00,1,AVERAGE,HIGH,AVERAGE,LOW,2483.651356251685,88963.22323960847,107882.6897008286,514728.0787313371,296.0,0.01,272.2187250074387,47.0,7.14422235018638,9.0,1302.934409197267,47.0,92.63422237712537,9.777677010751392,29.98085119762921,246.6200361232656,565.0
2021-09-13 18:30:00,1,AVERAGE,AVERAGE,HIGH,AVERAGE,11269.68708969964,252690.0676995127,129195.9985063079,1887466.370315522,524.0,0.1556168353271529,252.0645099966784,37.0,8.332876124364944,7.0,2339.562152595297,64.0,33.37339515228516,8.247568727899603,32.6919937731693,538.2058730751143,577.0
2021-09-13 19:00:00,1,AVERAGE,HIGH,AVERAGE,LOW,6885.316840428324,435138.0816152739,110563.5463500961,1593292.346627538,225.0,0.2335228733107239,392.4942156288851,53.0,5.639116148651956,9.0,1789.901894703093,56.0,132.5804267994975,10.12242174839063,27.09371641131397,324.4094445797489,496.0
2021-09-13 19:30:00,1,AVERAGE,HIGH,HIGH,LOW,19506.32753499946,429075.9985884858,271085.5773432458,595934.9714208411,493.0,0.1672445981130839,361.4914922128955,68.0,8.251539785720192,8.0,1362.537797159261,52.0,94.48688363717969,8.232733028702498,25.74601549431296,566.9353288293067,559.0
2021-09-13 20:00:00,1,AVERAGE,HIGH,AVERAGE,LOW,4328.809471294888,465314.2543315096,97395.99442055306,2136247.490088563,215.0,0.1136452071146286,403.9124360986758,52.0,9.387564912432024,9.0,1683.958655084514,68.0,57.11907403228329,11.13755466189326,27.87651778689728,318.9932479207058,528.0
2021-09-13 20:30:00,1,AVERAGE,HIGH,AVERAGE,LOW,11840.53647986596,304219.0034661944,346351.5030325375,756477.0430152937,15.0,0.1223437712831337,321.9893838660464,45.0,6.74868522088131,7.0,1308.322549589329,45.0,58.98862108394867,11.2359665495156,22.06160866296322,919.5362675880547,512.0
2021-09-13 21:00:00,1,AVERAGE,AVERAGE,AVERAGE,AVERAGE,40177.06478225857,201848.4333181419,177996.4708050707,1684102.536938677,551.0,0.0582244766298035,254.3955574374868,32.0,7.620927424928279,9.0,1210.402636889443,57.0,127.510358180881,11.88747410624279,31.76095997402925,536.1296551237434,520.0
2021-09-13 21:30:00,1,AVERAGE,HIGH,HIGH,LOW,23651.91229899718,65860.07654529494,255538.8160424145,499464.3249918958,446.0,0.2971645730717901,303.8003774744993,41.0,6.538304421302466,9.0,2379.844982491217,31.0,17.73521825321082,13.03115056273179,37.9499960594074,479.6658156926633,680.0
2021-09-13 22:00:00,1,AVERAGE,AVERAGE,AVERAGE,AVERAGE,13864.1646869441,157409.0773193081,109530.890845863,985526.7418414882,382.0,0.2481729736395633,362.5754772491593,29.0,7.297366267290799,8.0,617.8350457195745,46.0,87.90730156838654,8.377834035175622,38.31771211788448,574.2576193139342,434.0
2021-09-13 22:30:00,1,HIGH,HIGH,HIGH,LOW,23735.24834711837,291118.1939579226,252303.0148438914,1561706.637595533,124.0,0.2328121097576368,297.7517224535628,53.0,7.386134916457197,7.0,5923.036256365524,70.0,63.72725937334616,11.26907341840196,31.57903889336374,386.5224934407513,623.0
2021-09-13 23:00:00,1,AVERAGE,LOW,AVERAGE,HIGH,28130.1534527871,470253.5273098054,286725.7412986199,1439001.665719953,596.0,0.1968654883966787,298.9648437411777,7.0,8.449733588965515,7.0,1594.511698541989,51.0,76.61426322660724,8.181316974327798,33.22809804960736,334.6418607910936,429.0
2021-09-13 23:30:00,1,AVERAGE,AVERAGE,AVERAGE,AVERAGE,18091.3674836055,490644.4108380087,346823.0699195447,819379.5246535172,591.0,0.01589361267103667,327.1956784625076,33.0,8.862494607913735,9.0,1913.268384570863,48.0,110.8986446060177,10.25122299303686,21.31186665030677,442.8233714261161,458.0
2021-09-14 00:00:00,1,AVERAGE,AVERAGE,AVERAGE,AVERAGE,40848.22803899224,147987.219929813,182721.8228570813,1576019.013390765,278.0,0.2551308644386043,344.7081342234226,7.0,8.406256738300117,9.0,1911.982376200628,47.0,44.64082951850601,10.83000699575012,31.46738390646615,405.3096270778344,323.0
2021-09-14 00:30:00,1,HIGH,AVERAGE,HIGH,AVERAGE,27653.2735397867,77560.67514824739,168801.5458489286,630899.131317716,96.0,0.2851855070837973,257.6124623740185,47.0,7.588984510433245,9.0,4746.851552317155,52.0,74.04267065919049,9.75126492846008,25.9364919035944,283.6022960343843,655.0
2021-09-14 01:00:00,1,AVERAGE,AVERAGE,HIGH,AVERAGE,33537.51100846194,386451.2495435096,101479.1715674829,770427.4208951532,563.0,0.2015880789455742,364.833102155851,29.0,6.781776511844877,8.0,2542.310030810961,62.0,120.1808179479411,10.30966106752009,33.32697842182024,463.4782943630935,844.0
2021-09-14 01:30:00,1,AVERAGE,HIGH,HIGH,LOW,5510.14735336812,669848.709659243,318555.5192063741,898839.019622616,237.0,0.1576690513168786,335.283856214631,49.0,8.132669076856985,8.0,1294.569936454106,48.0,92.23028584007761,11.10062324862356,19.85098369873353,758.8213003093482,801.0
2021-09-14 02:00:00,1,AVERAGE,HIGH,AVERAGE,LOW,1573.537569554774,191392.1335512778,148902.8685759229,692317.5703619348,244.0,0.2204292025353626,281.04113937429,48.0,6.825681327237418,8.0,3695.745342699915,31.0,138.5016233293621,10.58673932654426,29.72191754424001,298.4998954096062,350.0
2021-09-14 02:30:00,1,AVERAGE,AVERAGE,AVERAGE,AVERAGE,45334.65359865922,468578.7322993891,216290.9045296274,521719.3147708443,483.0,0.1743955720645986,335.4633769975398,24.0,7.632032026949697,7.0,2766.816433475824,67.0,80.65372684719391,9.735251635514613,31.60385152842692,195.5208425481295,628.0
2021-09-14 03:00:00,1,AVERAGE,HIGH,HIGH,LOW,23392.21469146563,92628.58164741176,180797.3054856701,1094171.331976768,419.0,0.1486964328239762,260.6335701155621,50.0,8.243442578870724,8.0,2308.808664552399,61.0,129.7782568928865,12.81524053643793,41.97761768348928,661.8411015840898,596.0
2021-09-14 03:30:00,1,HIGH,HIGH,AVERAGE,LOW,30964.96774779843,437298.426976359,129181.1794700956,1034360.356691831,88.0,0.2612557553218622,209.6718853643125,51.0,7.822617022540255,8.0,2813.839297287627,70.0,76.77433505580801,8.901009627619006,33.45885985542768,385.3243756446661,498.0
2021-09-14 04:00:00,1,HIGH,AVERAGE,AVERAGE,AVERAGE,50856.80321265926,634817.982141679,249625.9233014952,1864369.582307874,43.0,0.2074111075223325,327.5263965407946,38.0,7.618639136624776,9.0,6030.51988092865,60.0,151.956680013002,6.057343023555541,39.38488168993569,193.8184402595194,484.0
2021-09-14 04:30:00,1,AVERAGE,HIGH,HIGH,LOW,18217.80566587958,347508.0638998477,505773.2692945714,1379518.252048262,432.0,0.377544606591425,248.4357844695999,51.0,9.031922595332892,8.0,3886.691944872098,42.0,70.91006005354168,10.63621472353283,27.27111362348328,303.9567481611665,361.0
2021-09-14 05:00:00,1,AVERAGE,AVERAGE,AVERAGE,AVERAGE,17616.67238536696,547276.4834968654,141560.3107786503,1365003.899438554,349.0,0.1208018025922445,381.4334179609073,36.0,6.522210538099024,8.0,2031.921797403899,57.0,14.93528317251337,9.890479373138504,21.97523717534178,433.6738922324844,513.0
2021-09-14 05:30:00,1,HIGH,HIGH,HIGH,LOW,16300.00224258042,146439.9619304502,124322.7849865964,515965.1194965139,373.0,0.2834315871983014,357.8498543836317,46.0,8.384207131665985,8.0,6706.03106404354,26.0,90.43327566771967,10.11116274575101,40.11157770938537,290.3711347250531,516.0
2021-09-14 06:00:00,1,AVERAGE,AVERAGE,HIGH,AVERAGE,23142.39062611741,385154.1733887101,148971.2044932328,1447821.76547655,342.0,0.3417959096358923,283.1064670980728,28.0,7.067364993962377,8.0,1947.434729064523,67.0,11.28294132997759,8.913942013191646,22.14927181685227,729.371331654768,522.0
2021-09-14 06:30:00,1,HIGH,AVERAGE,LOW,AVERAGE,41991.9958798271,258532.1264621493,129237.3820657118,831461.5766157771,52.0,0.05985034131388332,314.6610950305019,27.0,7.00424901044553,8.0,2569.314645064186,41.0,86.67534053227465,7.172563175467487,28.34303310573112,587.8777380862323,420.0
2021-09-14 07:00:00,1,AVERAGE,AVERAGE,AVERAGE,AVERAGE,16846.9454676588,137542.1971186931,108009.0047910125,1235962.2192256,123.0,0.1728187154153327,358.261565879141,47.0,7.518876615190668,8.0,1294.831419073453,43.0,154.4727528420899,8.935118557351208,33.35387154253215,730.4574283168507,379.0
2021-09-14 07:30:00,1,HIGH,AVERAGE,AVERAGE,AVERAGE,22495.21767854272,231325.4758195785,123357.5948048255,1315341.084364948,240.0,0.1205195477249595,264.5041561360138,40.0,6.902097931359831,9.0,4623.81570042843,36.0,34.78514354487066,10.7160173432218,28.97379456164999,429.3413982717897,440.0
2021-09-14 08:00:00,1,HIGH,AVERAGE,HIGH,AVERAGE,8340.980511392483,157387.5817490846,433018.9294021308,797927.7708731422,456.0,0.2133947672887122,314.6120364024287,32.0,8.851520725728353,8.0,4521.745569158296,53.0,86.20724436975982,9.665534227128749,33.59621812161436,955.0852616266543,529.0
2021-09-14 08:30:00,1,HIGH,HIGH,AVERAGE,LOW,3893.283995399666,162247.5386408245,234800.5500762782,2097793.87778238,159.0,0.3022919003587706,279.7071484784017,33.0,8.084662530852999,7.0,6939.8345055209,61.0,125.617478062067,13.8564313223116,31.55472668312556,114.0592315777503,524.0
2021-09-14 09:00:00,1,AVERAGE,AVERAGE,AVERAGE,AVERAGE,24360.73694799146,222983.1703616569,329362.7360940928,602495.7718574724,143.0,0.253026327206237,285.6435654021828,39.0,7.667713552794661,7.0,1544.172023995658,32.0,142.8173896737016,6.011357478682879,28.67224290934558,496.2165509128809,510.0
2021-09-14 09:30:00,1,AVERAGE,AVERAGE,HIGH,AVERAGE,3818.034037399444,129683.6145940217,219054.4126557595,1329371.285373986,392.0,0.3150300120990773,345.7282339877075,46.0,7.459418751980158,6.0,3265.652755814386,30.0,82.91256056530239,8.011121766208884,24.41943816936085,345.4458387314332,568.0
2021-09-14 10:00:00,1,AVERAGE,AVERAGE,AVERAGE,AVERAGE,8054.472400539231,281708.0182339802,188710.9311621476,1094305.051585481,130.0,0.120820418856443,320.1631454018285,8.0,7.884764985285343,9.0,1951.030780628726,38.0,122.2572830712556,11.83370855844931,28.57031446716251,249.2147167054878,564.0
2021-09-14 10:30:00,0,HIGH,AVERAGE,LOW,AVERAGE,7.447226982323883,2015.566705588701,3832479.973798327,15865553.94993433,26.22313615919851,0.01743463011789243,376.2588585249458,16.30116281477231,5.357105856995668,5.893903975393451,2941.740728791447,32.02080106650783,84.84845609422206,14.64753466723934,44.26221065941359,409.3714366400861,186.9235857664834
2021-09-14 11:00:00,1,AVERAGE,AVERAGE,HIGH,AVERAGE,2022.448516295219,0.0,57361.8474675157,259795.9910401746,813.8983547057165,0.4692075886092976,310.8855374789055,41.20388800423893,5.102789486544436,6.049851850982309,2510.578393894777,49.375791422858,48.55552968369773,11.02158835572684,29.54301749257768,369.7490514139614,370.6060201704907
2021-09-14 11:30:00,1,AVERAGE,AVERAGE,HIGH,AVERAGE,7829.319647269799,131530.6945206764,0.0,229393.9798343184,1094.061507102109,0.5975696293009851,362.1442331507751,31.43847534901845,6.468385627795644,6.993559949745397,2268.993747651894,75.4321945143528,32.13225566667793,10.2064495753926,40.64344890843608,860.6623653604694,710.4272476042355
2021-09-14 12:00:00,1,AVERAGE,AVERAGE,AVERAGE,AVERAGE,10070.22396905535,156196.0643377267,42260.42946523955,0.0,282.4660859853608,0.159991256222233,357.6607881362961,35.14464467317168,6.069135146968196,6.935868635303127,2268.539607490266,56.58270721420454,37.27361689608847,9.757285987679923,31.34735291225084,509.476207611233,771.9792870887219
2021-09-14 12:30:00,1,AVERAGE,HIGH,AVERAGE,LOW,145898.0859082065,1653647.317825485,30291.26707700297,107747.9387633696,134.3365331109981,0.08916450522165692,297.593929278535,50.47094810510119,7.227643090662889,8.073958137421103,2548.972487451074,38.07813444252069,60.89036234545294,13.47739739839132,39.18376958466054,686.9313264928254,512.6195794273918
2021-09-14 13:00:00,1,AVERAGE,HIGH,AVERAGE,LOW,94141.63624114227,1065158.773519719,50988.62954706931,0.0,166.2072286461589,0.09777937135381441,308.8139330564303,63.32183931830597,7.870119001313183,8.073072157424743,2399.645729633084,68.17096273496901,32.37463980359495,6.992469533210781,31.63287994511128,628.4038756127429,613.9376994150766
2021-09-14 13:30:00,1,HIGH,AVERAGE,AVERAGE,AVERAGE,69847.41249269203,665682.2723199071,65004.1593261458,119176.6746158164,207.1591410391594,0.1353647745671317,334.7188179946615,27.08253854292583,8.05537384420364,7.945280763640363,2798.568740689778,71.02021876797411,35.59654489849273,6.407382519460574,21.25900455123021,332.4641241527909,463.7302832690661
2021-09-14 14:00:00,1,AVERAGE,AVERAGE,AVERAGE,AVERAGE,3958.507673917772,80244.96500247237,56223.03826286399,58812.76247665248,276.5486949128803,0.1368348739357925,231.3799275877177,42.37516268020573,8.280826224258222,9.117109140262498,2479.930905858559,58.01225945803988,45.64152678765811,6.861245699780139,17.65503615818881,255.5422371896839,465.0980370946724
2021-09-14 14:30:00,1,HIGH,HIGH,AVERAGE,LOW,29437.04840708323,391040.1761756499,6963.311167794068,0.0,189.5303900071709,0.09902985772449568,352.7572286093512,41.2278234237479,8.02391728013895,7.903569423682144,4956.481516805712,63.08515195871993,70.09340355228208,11.8145013731253,30.92566191167775,301.88815936997,492.7907995399944
2021-09-14 15:00:00,1,AVERAGE,AVERAGE,AVERAGE,AVERAGE,10393.26460025303,288852.2559134993,164731.8180293324,1509467.997661589,574.0,0.2193434758232553,92.55611496345225,0.0,9.003861851230333,8.96368474818495,1324.01756669852,3.728632287863956,327.6157915005695,20.3207851931646,39.45359535641485,124.5689003077361,7.200080677667987
2021-09-14 15:30:00,1,HIGH,AVERAGE,AVERAGE,AVERAGE,721.4915755706845,3516.322111694449,16726.22006286732,143848.4402198865,215.9618178773053,0.1191842162971804,403.8602201495256,30.34868496604036,7.922240915789988,9.078765139705736,2571.654493007998,76.4566959861555,31.73260148246665,9.271357045440828,32.55468330343189,434.9365251974703,530.0505801281769
2021-09-14 16:00:00,2,AVERAGE,AVERAGE,AVERAGE,AVERAGE,24309.06148291171,262003.5581785765,0.0,82987.13540312312,125.0396625743613,0.05974202850258092,361.2499890249957,34.18062338186716,8.023922252676318,7.893223929030279,2289.557688444065,56.43371225960357,43.57475723952329,10.33896579057008,38.58067596434734,619.0215286901056,707.4518923771793
2021-09-14 16:30:00,2,HIGH,AVERAGE,LOW,AVERAGE,30174.24335144399,274679.3291014494,0.0,0.0,67.82157795186366,0.04572325666905919,357.1235457505697,25.56038635549475,8.04473943722751,7.977962187642029,2656.838404613294,47.13163317870325,58.89795631768488,10.09360971261859,25.23467712069005,218.3522904917592,495.3192393523083
2021-09-14 17:00:00,2,AVERAGE,HIGH,HIGH,LOW,0.0,33981.1171383922,0.0,0.0,878.3722507400614,0.4724740875858045,238.1055804416665,52.05763055635187,8.67057238660737,8.945017887411852,2402.101303306741,75.74579861174458,34.67078565632031,14.60722225463057,41.26346587456648,386.9689067930353,446.5686394877842
2021-09-14 17:30:00,2,AVERAGE,AVERAGE,HIGH,AVERAGE,4709.212299386262,61382.05200880427,70733.58235968907,440490.113743933,585.4468194433615,0.3419678839809832,332.6094794771423,23.86663038885325,9.095182761466749,8.955462467154225,2333.297753373405,80.39845737395959,30.97616310470443,11.37685278346498,39.58160309356826,445.1939835715048,508.3465171681297
2021-09-14 18:00:00,2,AVERAGE,HIGH,HIGH,LOW,0.0,11143.27914980216,60629.31066422117,0.0,707.774141479132,0.3961054387152182,293.6682778338944,82.5776711497188,9.430260060563485,9.893971689255094,2713.370217955353,71.19892438449145,37.3983225481791,13.69751173125631,51.27955440167688,658.8596172720944,550.7998148763644
2021-09-14 18:30:00,2,AVERAGE,HIGH,HIGH,LOW,5450.117222585388,11555.96337444029,2117.486078152647,186234.4464292634,457.0521163638147,0.2377082508582178,286.9062203773561,74.22609026622844,9.686661716860078,10.96620150793575,1710.018094891888,62.24943012522788,28.61191863265334,11.93726631671625,32.18597586515273,397.3237439326292,608.2874743896883
2021-09-14 19:00:00,2,HIGH,AVERAGE,AVERAGE,AVERAGE,6942.766481419396,227286.7053852156,285404.1661788873,802387.7551015818,225.0,0.01196199138606183,320.7589692977784,30.0,6.343818045810854,8.0,3170.119771050108,77.0,129.7312294935236,7.465050819141366,26.17864393138279,563.4156074915823,517.0
2021-09-14 19:30:00,1,AVERAGE,HIGH,HIGH,LOW,22376.04151517793,334843.9766538096,269916.819267806,51887.92192108848,459.0,0.1726233153902873,365.6911605689649,72.0,8.059156731177389,8.0,1555.388655297717,52.0,91.79769195146295,8.274114846660508,26.10440625669941,613.6915564241234,569.0
2021-09-14 20:00:00,2,HIGH,HIGH,AVERAGE,LOW,21118.35313681297,70962.1158380192,60562.87614086141,306575.5524382015,330.0,0.1061530477947286,348.6131208418781,72.0,8.205122535671151,8.0,3104.248567506323,56.0,65.19564740813313,7.76533028338056,32.57989975990888,333.6353136734389,474.0
2021-09-14 20:30:00,2,HIGH,HIGH,AVERAGE,LOW,7010.202915005832,319967.9943106109,299116.9472617466,2312505.705997915,433.0,0.113455272883498,226.5815267548597,56.0,8.703294178561997,9.0,4093.673418879116,70.0,13.11817453285198,10.93062061157749,31.19838177206173,439.1434756072981,276.0
2021-09-14 21:00:00,2,HIGH,AVERAGE,AVERAGE,AVERAGE,0.0,209165.950029969,293744.0829076256,211433.3233115986,323.0,0.01608786109201098,354.2363322168372,25.0,6.340824293215454,8.0,3043.232449414182,70.0,134.0583664372572,8.138373716149308,27.13932992777833,569.7073888675557,489.0
2021-09-14 21:30:00,2,AVERAGE,HIGH,HIGH,LOW,20850.9834130845,208005.6112574275,182617.191211385,3852580.05574088,8.0,0.3228130847369113,337.4797451811535,66.0,8.01004969556552,8.0,3117.603904534257,38.0,61.04441443005814,8.647436011350518,18.52806092635117,308.9877921869899,453.0
2021-09-14 22:00:00,1,HIGH,AVERAGE,AVERAGE,AVERAGE,19400.8519342142,108316.3161802496,108810.2187837963,949149.9678782036,277.0,0.1366744718764069,257.4765440730791,42.0,7.115523211692494,9.0,4648.262025336933,35.0,31.77623398243797,10.23274278675361,29.26122368891065,432.1624777065875,472.0
2021-09-14 22:30:00,1,AVERAGE,AVERAGE,HIGH,AVERAGE,13976.98415728425,183651.0567031694,125031.5825157712,622711.0136040496,251.0,0.2069569836925089,362.0854843789375,34.0,6.067558578258295,7.0,2416.953174127914,58.0,57.53314376878843,9.550310459959437,33.65678831370365,478.1846569777804,768.0
2021-09-14 23:00:00,1,AVERAGE,HIGH,HIGH,LOW,102445.0944037891,1319238.722532952,173201.8329244927,794926.5484951687,215.0,0.1828592207631325,163.3144179699125,88.0,8.021629348276337,9.0,2118.081107777748,75.0,32.7524313165188,6.150577328499555,30.26524236990854,763.7388649840074,672.0
2021-09-14 23:30:00,2,AVERAGE,AVERAGE,AVERAGE,AVERAGE,15438.5031380248,211020.0210084436,40710.96180306844,2830935.107431091,368.0,0.1237407539474007,331.0821003421974,10.0,7.761325400677503,8.0,3220.553932014843,32.0,75.19700836153346,10.70379484760763,36.82123310657862,292.1013132394642,641.0
2021-09-15 00:00:00,1,AVERAGE,HIGH,HIGH,LOW,7382.795328984056,0.0,75630.35237759963,2139193.970128816,857.0,0.4619260766589635,309.4460796602351,41.0,5.563371182820378,6.0,2429.932050197587,53.0,43.25559501284246,11.24172876149054,30.3264100312643,350.6741538348628,350.0
2021-09-15 00:30:00,2,AVERAGE,AVERAGE,AVERAGE,AVERAGE,15885.00115125553,306056.5740400767,0.0,1976072.515537206,144.0,0.1810689857881458,362.7283660892768,39.0,7.399042782148185,9.0,3500.354915277208,29.0,113.7451191533989,8.48110480525734,29.92173437840037,228.984357905747,626.0
2021-09-15 01:00:00,2,HIGH,AVERAGE,HIGH,AVERAGE,0.0,191144.9938806198,124048.5841806198,310559.1865982361,647.0,0.1771730739690753,411.2652087622326,51.0,9.053954290072884,8.0,4068.468407612243,57.0,49.19138077601791,8.698428567686873,25.36212817072762,428.7164086996471,498.0
2021-09-15 01:30:00,2,AVERAGE,AVERAGE,AVERAGE,AVERAGE,15612.83477238306,66024.66563361838,234505.8418780957,1488778.280291541,300.0,0.09255735753169157,320.4592441346263,36.0,7.814988872458615,9.0,2662.72428099947,47.0,135.9005195883657,10.08129903031664,25.80010454692373,473.2966813607426,459.0
2021-09-15 02:00:00,2,HIGH,AVERAGE,AVERAGE,AVERAGE,11906.24639651917,283832.5159627882,157724.4314424635,1941769.66698274,448.0,0.1227411706349457,374.6130008707738,31.0,7.272454306938623,9.0,4378.992899764113,72.0,86.64093837218773,10.05085707135999,24.56323652817177,495.4787123148574,388.0
2021-09-15 02:30:00,2,AVERAGE,HIGH,HIGH,LOW,27186.09365346814,120866.907724278,299871.9750749436,31249.09626949229,614.0,0.3561393814483964,241.2168883445643,51.0,7.81983857948331,8.0,1492.328910139497,73.0,68.48589710263256,14.43397857258137,34.48629790504738,309.1506640133562,559.0
2021-09-15 03:00:00,2,AVERAGE,AVERAGE,AVERAGE,AVERAGE,7024.092337526116,331112.8528186642,224840.7142268738,1490211.024449592,497.0,0.1152624566404959,373.4737242868329,40.0,6.997484763160091,7.0,1323.123706902959,56.0,108.2025565322822,11.13557935139251,31.68036253717736,288.2598325347201,143.0
2021-09-15 03:30:00,1,AVERAGE,HIGH,HIGH,LOW,16655.74545045518,355241.4271353969,518593.0176876971,0.0,406.0,0.1731883087515328,364.2039718169494,63.0,8.387727724137113,8.0,1294.019409769817,56.0,98.6076839032387,8.350074843092086,26.62651186810854,519.1156870831651,556.0
2021-09-15 04:00:00,1,AVERAGE,AVERAGE,AVERAGE,AVERAGE,15433.60508192233,123035.2913940918,161641.9538475551,2652273.646573076,402.0,0.2516802188797183,369.4498442220289,28.0,7.336970462553712,8.0,664.084715788898,42.0,85.87453333527526,8.333592196229556,37.0136004316389,586.6751098024954,437.0
2021-09-15 04:30:00,1,AVERAGE,AVERAGE,AVERAGE,AVERAGE,4445.203699811203,78459.7906456802,107581.4644420222,1542590.191004446,356.0,0.02652844347138641,265.8484237871155,51.0,7.447984510836841,9.0,1373.455478634437,47.0,90.0837229367553,8.774814927930485,31.2886999543491,198.9391588896489,533.0
2021-09-15 05:00:00,1,AVERAGE,HIGH,HIGH,LOW,24403.9051995183,380035.2573941148,284827.3192725807,0.0,533.0,0.1326555054209124,351.6873974442395,71.0,8.22886873616083,8.0,1281.212848940184,49.0,89.44318939770957,8.77229694887616,28.0929062209049,538.2590159640553,565.0
2021-09-15 05:30:00,2,AVERAGE,HIGH,AVERAGE,LOW,4812.814285826487,241458.1237411264,338005.7387027208,2366798.697575159,508.0,0.1528522132556033,308.8359282300986,35.0,7.68064458528133,8.0,1811.566643860588,57.0,15.34007425047594,13.64349885525265,31.93562157447224,194.4902786179197,431.0
2021-09-15 06:00:00,1,AVERAGE,AVERAGE,AVERAGE,AVERAGE,18370.84265934618,121029.5053068905,0.0,394608.5868693959,259.0,0.1665372945218732,320.0462199639676,36.0,8.660151858288792,9.0,2227.236841136492,36.0,72.79793874396495,5.97249932154297,15.10459905484966,315.7872269892791,652.0
2021-09-15 06:30:00,2,AVERAGE,HIGH,HIGH,LOW,0.0,0.0,0.0,717071.2880789716,901.0,0.4447862229707251,245.5684687876251,54.0,8.636028105761323,9.0,2329.750269816072,74.0,46.91191445380994,14.12311103718871,41.52277499517086,376.4239061795674,476.0
2021-09-15 07:00:00,2,AVERAGE,AVERAGE,AVERAGE,AVERAGE,20566.42287934107,244591.370204007,0.0,0.0,144.0,0.1016183088498861,379.1509348346903,33.0,7.917328732061098,7.0,2152.300100086391,54.0,38.18543713819836,11.32127204436556,38.52029275411505,613.6114668851586,700.0
2021-09-15 07:30:00,2,HIGH,HIGH,HIGH,LOW,25271.55678286944,80037.31279637612,40109.00043702833,599082.8046092845,382.0,0.2723292231787312,299.5854235478653,47.0,6.11527110391224,8.0,4811.222772608881,61.0,99.29800522850643,10.75233470737424,29.42451419436864,339.0939257906528,631.0
2021-09-15 08:00:00,1,AVERAGE,HIGH,HIGH,LOW,3022.856443099936,108337.8243621999,96913.09013738071,1029175.564434655,777.0,0.4517100134230493,333.4314370409119,42.0,5.201345188437579,6.0,2255.903756509046,48.0,76.76490850772066,11.24017176572059,28.18735723744405,341.6616945244609,318.0
2021-09-15 08:30:00,2,AVERAGE,AVERAGE,HIGH,AVERAGE,30168.8039052645,222438.4945330015,0.0,2331317.783213947,264.0,0.3068594128331107,238.0119240611567,37.0,6.572459967934795,9.0,1728.346330846406,68.0,106.6810584155958,10.83741904481165,26.06021029530496,435.3729359645837,642.0
2021-09-15 09:00:00,1,AVERAGE,AVERAGE,AVERAGE,AVERAGE,41310.09570267117,166256.8555377182,254686.6676601488,1036872.878145666,566.0,0.07475900329164795,260.8028553992085,35.0,7.706657513279891,9.0,1251.62858027554,59.0,128.4905884605498,10.221341141957,31.94743716642786,503.4307775025729,524.0
2021-09-15 09:30:00,2,HIGH,AVERAGE,AVERAGE,AVERAGE,14490.072261481,158423.2194693733,283841.018266,757059.5612564036,253.0,0.09983839140534966,327.2150648845198,36.0,7.50703565027596,9.0,2736.613577925051,52.0,128.4324134231845,9.215344742852492,23.91607182392874,478.2060981657266,542.0
2021-09-15 10:00:00,2,HIGH,HIGH,HIGH,LOW,28759.95503999311,65485.19074362266,459103.2898134997,1020777.748904925,541.0,0.2332243175241247,266.6229221231644,56.0,8.446410532729052,7.0,4576.338455732133,60.0,104.22023004784,7.825251769358163,29.25082247683141,265.7069131969383,252.0
2021-09-15 10:30:00,1,HIGH,HIGH,AVERAGE,LOW,2686.859122066241,447722.2890124285,198577.9061970736,1364459.213925055,340.0,0.1187018153691009,265.3042815807863,60.0,7.399251066679412,7.0,5687.600824341873,79.0,33.34873899726765,9.181144522237782,23.57634928677912,300.792284213903,553.0
2021-09-15 11:00:00,2,AVERAGE,AVERAGE,AVERAGE,AVERAGE,41189.84083443716,148290.1866769989,165322.0942788191,1534610.737482873,186.0,0.2348055265469397,292.3794912543667,26.0,8.545199579251657,9.0,3017.985822877964,34.0,39.23414902283552,12.19376359968684,28.72619522118917,358.0292192352621,295.0
2021-09-15 11:30:00,2,AVERAGE,AVERAGE,HIGH,AVERAGE,30616.78318420696,282763.9103888109,377433.5789140164,770887.1274191618,331.0,0.3104244168798919,288.3048876247051,42.0,8.95920321589624,7.0,3199.876364021102,52.0,51.95307762101633,8.218014885836178,27.12171718021461,354.8868230570924,520.0
2021-09-15 12:00:00,2,AVERAGE,AVERAGE,HIGH,AVERAGE,14127.92687014743,356635.4597684714,450386.2342965314,2461198.238290006,459.0,0.1944272966415285,296.5061396814909,17.0,7.753972111776538,6.0,2495.957330421224,26.0,24.24561633995563,10.34103597518396,33.49232455575516,105.4263493340262,710.0
2021-09-15 12:30:00,2,AVERAGE,AVERAGE,HIGH,AVERAGE,25616.90460579092,110177.812933027,252184.5767379375,393421.5772133754,220.0,0.2773918867894788,263.3917195350901,38.0,6.891915280032636,9.0,1957.535109907851,70.0,116.665391173422,11.3352285972755,26.44676341798816,429.1011155230238,617.0
2021-09-15 13:00:00,2,AVERAGE,AVERAGE,HIGH,AVERAGE,0.0,54812.29783032395,128474.172906533,0.0,601.0,0.3535882329051212,336.0564091422955,27.0,8.83128480974582,9.0,2322.208865855604,78.0,37.71469587949929,11.29746502632096,36.05674162496841,448.9452925933394,520.0
2021-09-15 13:30:00,1,AVERAGE,AVERAGE,LOW,AVERAGE,3366.803342019618,75270.07764729168,34579.37232169554,0.0,17.0,0.0,378.0439146243583,13.0,9.054088693859875,10.0,1597.320092594384,17.0,90.93386052923846,14.29937906546572,45.51427870849214,412.7389990966106,183.0
2021-09-15 14:00:00,2,AVERAGE,AVERAGE,AVERAGE,AVERAGE,15057.93359846707,154862.444853259,240451.4516184718,0.0,515.0,0.1544319298964403,379.0165560438272,32.0,7.77034554269475,9.0,1066.285080355736,40.0,82.66024392597167,7.499180887323317,28.39600005478579,414.427716466895,437.0
2021-09-15 14:30:00,2,HIGH,AVERAGE,LOW,AVERAGE,66192.30094281779,415180.5346237599,0.0,0.0,95.0,0.02640943567183346,332.4549851596977,23.0,7.076283510610597,7.0,3028.064950297266,33.0,83.20944035052017,10.20782135805822,34.97412621145513,494.1976553227302,404.0
2021-09-15 15:00:00,2,AVERAGE,HIGH,HIGH,LOW,38437.71863580741,110808.5732968321,0.0,668952.8989911536,640.0,0.2314609200382807,350.2562315207074,49.0,8.594667855648142,8.0,1452.632822123191,57.0,32.43089561985464,9.808870158906936,32.96021002592908,167.883321721625,381.0
2021-09-15 15:30:00,1,HIGH,AVERAGE,AVERAGE,AVERAGE,0.0,0.0,110156.4016917163,0.0,279.0,0.1228100134621462,384.746527576593,30.0,7.760898380101021,9.0,2367.360540614748,83.0,20.81992479348218,9.298704576085179,33.63567124824482,459.8983262373047,572.0
2021-09-15 16:00:00,2,AVERAGE,HIGH,AVERAGE,LOW,24916.27656691786,225911.3537411123,170860.0148608024,1904947.733088023,391.0,0.07215871636294012,338.5489555764016,67.0,8.023484040061804,8.0,2926.69203848917,54.0,77.6806798606919,7.559911586033705,32.38033575314332,318.8473887498918,561.0
2021-09-15 16:30:00,1,HIGH,HIGH,HIGH,LOW,23680.90748926206,93066.51060388723,72034.97180405336,0.0,97.0,0.2499757095967854,253.8117468955836,48.0,7.404363581867166,9.0,4785.959246517834,56.0,77.18881556420364,9.85011954024427,23.31753665029641,256.6721030471217,644.0
2021-09-15 17:00:00,1,AVERAGE,HIGH,HIGH,LOW,31861.59499713196,385116.0467148614,387294.2238500479,410470.1959558692,535.0,0.1967587347651953,342.6645527294349,74.0,8.323447955179748,8.0,1469.749746411145,54.0,99.36893628555696,8.051254738199123,24.7886579854849,543.3042756718993,585.0
2021-09-15 17:30:00,1,AVERAGE,AVERAGE,AVERAGE,AVERAGE,0.0,82283.5090290529,36151.47567184297,299328.203443841,174.0,0.0555536944008664,295.4418616090156,40.0,7.301655592505996,9.0,1407.235197873927,48.0,106.6421733410612,9.815000707416111,29.96593978044491,256.790472063314,558.0
2021-09-15 18:00:00,2,AVERAGE,AVERAGE,AVERAGE,AVERAGE,3707.188088136832,165466.0878494069,354294.152778185,2922176.512916383,214.0,0.2273092492007577,355.1042781010824,47.0,6.940721226406191,9.0,2625.384218563549,31.0,77.34153325537797,6.153413906785068,39.58468991869172,753.4316785950996,477.0
2021-09-15 18:30:00,2,HIGH,HIGH,AVERAGE,LOW,10981.30901498088,277689.3680747356,155728.5663787637,802604.4512899489,115.0,0.01747832951721644,194.6471573887675,44.0,6.770972020013491,8.0,3076.536686744607,31.0,84.83880708581135,11.18610606727511,36.11611608569901,556.3762224794438,438.0
2021-09-15 19:00:00,1,AVERAGE,AVERAGE,HIGH,AVERAGE,0.0,13537.88487455284,242486.3908932,32866.23335245412,740.0,0.4620870141908522,307.0465551846255,41.0,4.977827325150805,6.0,2414.138600693003,53.0,55.88763477247679,10.74468420525273,28.3209684796194,432.4121167889755,349.0
2021-09-15 19:30:00,2,HIGH,HIGH,HIGH,LOW,32059.54388299865,298536.3052624661,415990.1714820102,464056.2729447446,561.0,0.2709432363812593,230.621925204648,59.0,8.854864998166963,7.0,4554.975875068152,54.0,95.27147402206367,8.976364505068474,28.41198195528636,241.1053182267294,242.0
2021-09-15 20:00:00,1,HIGH,AVERAGE,AVERAGE,AVERAGE,4153.661629932781,144373.9147292881,384086.5142560672,632890.1415617374,382.0,0.1986951871462854,322.0255560163476,23.0,8.869077513617636,8.0,4398.407758124086,46.0,95.17102657137214,9.0755151574727,35.97944503077905,966.2019992301067,512.0
2021-09-15 20:30:00,2,HIGH,AVERAGE,AVERAGE,AVERAGE,16564.77528490095,133198.4460982095,200717.4986362127,954452.5673770272,393.0,0.0936212435768735,353.5974339996669,26.0,7.238185357547642,9.0,4308.472774875525,74.0,92.95340454177004,9.89072677396943,28.78300533815195,514.2063212741892,409.0
2021-09-15 21:00:00,2,HIGH,AVERAGE,AVERAGE,AVERAGE,16956.1151487389,83035.11856111657,71378.6664266861,1828954.44292806,710.0,0.1442731682172544,363.8640703952029,19.0,8.28843238224415,8.0,4236.49540115144,73.0,126.1020277265592,7.59267306992382,20.83915211428574,440.2116395561809,558.0
2021-09-15 21:30:00,2,AVERAGE,HIGH,AVERAGE,LOW,36751.74153411428,106805.6422475731,684093.1736834779,1060089.833129374,109.0,0.1576224004942652,416.2180553710269,62.0,5.990751782420932,10.0,2921.472155920798,43.0,47.1402040214558,9.458018893675984,30.24149926833253,420.6577328787679,408.0
2021-09-15 22:00:00,2,AVERAGE,HIGH,AVERAGE,LOW,20644.60835167863,257585.0942483106,334105.4554258046,392415.7513201328,207.0,0.2873902735210048,343.2061118177318,50.0,8.970189946754951,9.0,2486.286611862436,66.0,29.63989957386043,9.218689950499602,21.43347740678161,274.3267292013099,375.0
2021-09-15 22:30:00,1,HIGH,AVERAGE,AVERAGE,AVERAGE,8188.466038827202,129096.5918096264,132837.1665419,0.0,124.0,0.1068458593665464,401.3248122733019,24.0,7.203730320082927,7.0,2866.127885720086,61.0,25.65870747489798,5.986753493718156,14.72627340115919,255.1937590930009,461.0
2021-09-15 23:00:00,2,HIGH,AVERAGE,AVERAGE,AVERAGE,42782.12547650829,171519.8127469361,0.0,1045643.185908766,320.0,0.1829759641396494,339.4179930855644,29.0,8.703636834760111,7.0,4287.837596221528,52.0,55.34669628564218,11.50592344635426,26.41936447140704,404.7325636545731,414.0
2021-09-15 23:30:00,2,AVERAGE,AVERAGE,AVERAGE,AVERAGE,11614.60796473572,214712.875886258,0.0,2651233.027292388,281.0,0.1478501832181009,276.6230826185787,33.0,7.608269991160277,8.0,3064.951436313799,33.0,75.96365820414172,11.00619998703437,29.31703943869971,427.4998426189783,463.0
2021-09-16 00:00:00,2,AVERAGE,AVERAGE,AVERAGE,AVERAGE,62100.27879318603,348009.5161820878,241522.7974161373,497225.1058548663,492.0,0.1245234717950143,413.5726559253973,30.0,6.586022575265189,9.0,1952.531272713137,43.0,101.057909707173,8.868608281078153,32.86176860574311,488.4256142923417,544.0
2021-09-16 00:30:00,2,AVERAGE,HIGH,HIGH,LOW,27720.98715534915,217535.2932502895,219877.6811383407,1594343.862605038,213.0,0.3248880406580954,345.9820803148801,54.0,8.709302514041779,9.0,2491.464972790007,74.0,27.31123982248467,9.255166443389978,23.78996492158078,278.42020392683,355.0
2021-09-16 01:00:00,2,HIGH,HIGH,AVERAGE,LOW,30901.47842199299,198784.3778343338,216725.4757311088,983084.4759824194,310.0,0.1342844536487174,333.6645538097104,55.0,7.207172174773467,9.0,2986.784693479769,53.0,128.5076526029645,9.70599095680668,11.78787496584195,136.3867988106056,410.0
2021-09-16 01:30:00,2,AVERAGE,HIGH,AVERAGE,LOW,40072.09264009554,201370.2505805238,112705.7456819348,5454149.700677431,233.0,0.1951808705614477,194.8154187194649,64.0,7.339712301802223,9.0,1622.466126139715,72.0,60.87259438614581,8.296383162323231,28.24023405220045,383.8348897085799,513.0
2021-09-16 02:00:00,1,AVERAGE,HIGH,AVERAGE,LOW,0.0,0.0,2852862.291011364,25544409.41809755,129.0,0.06162613900904133,314.9115569320359,118.0,4.956083678505355,5.0,2217.817727638791,46.0,44.88841506949628,6.988783903716222,26.98741631942214,359.7920344768747,526.0
2021-09-16 02:30:00,1,AVERAGE,LOW,AVERAGE,HIGH,0.0,26312.59085859863,0.0,42859.00813473435,333.0,0.2122014319188209,392.6135659637111,20.0,6.069492657185099,6.0,2107.714731101853,72.0,29.8639549146881,5.683361769578174,16.39401076004708,272.2154052557618,562.0
2021-09-16 03:00:00,1,AVERAGE,AVERAGE,AVERAGE,AVERAGE,9730.04825517824,104663.0347795479,92369.20630949191,126897.3174317567,207.0,0.172331624277694,357.1227289823223,35.0,6.195050144988313,7.0,2308.558518087656,56.0,26.47019648605908,9.408255554437368,33.44804913080422,506.2481134560139,750.0
2021-09-16 03:30:00,2,AVERAGE,HIGH,HIGH,LOW,581.3064973058382,0.0,13140.78031891964,0.0,829.0,0.4936906042815358,250.6928414137392,51.0,8.5197212479883,9.0,2531.651446059056,72.0,50.14915127090302,14.71659245442726,38.41833255662279,437.0045347492958,439.0
2021-09-16 04:00:00,2,AVERAGE,HIGH,HIGH,LOW,40560.66736775589,249236.0866757621,145726.8917698875,2085441.750980054,381.0,0.3005385477304917,262.3427541846211,55.0,7.312476635874787,7.0,1471.240166688408,48.0,8.599717547375299,11.1936544312719,22.21904807772734,397.1032868394618,783.0
2021-09-16 04:30:00,1,AVERAGE,HIGH,AVERAGE,LOW,3833.5920434457,421832.3692247698,142363.8994105331,2477700.869357913,180.0,0.1030490507447003,393.4223719600393,47.0,9.3103810367161,9.0,1622.737287074639,66.0,49.55998109735329,11.78363874356863,25.87820849838278,318.9872967163166,501.0
2021-09-16 05:00:00,1,AVERAGE,LOW,AVERAGE,HIGH,14595.70688458918,82623.7871818012,0.0,409274.0135448937,314.0,0.1931843737216443,405.2933522597728,6.0,8.658149515326208,9.0,2685.148234290953,39.0,72.24958500494789,5.718591636871874,7.673121210797325,161.871814866351,496.0
2021-09-16 05:30:00,2,AVERAGE,AVERAGE,AVERAGE,AVERAGE,42988.71919278453,140864.6287425298,175708.8854724645,1097805.127993479,236.0,0.01839419848636272,391.8600603139168,32.0,7.346625206648414,9.0,1984.474115396614,45.0,29.10526459135562,8.483164972097658,28.58147550239372,464.6377913769037,463.0
2021-09-16 06:00:00,2,HIGH,AVERAGE,AVERAGE,AVERAGE,11531.0098918591,99723.00151172845,0.0,2947220.138850052,1.0,0.2607145435449671,260.045126650935,30.0,7.298749319552612,8.0,4117.293117194458,35.0,100.3461031349418,8.46864526645414,14.07517204757987,419.3307136501003,518.0
2021-09-16 06:30:00,2,AVERAGE,AVERAGE,AVERAGE,AVERAGE,43599.05178964633,194598.2227579465,240274.7511251907,1850333.00903699,69.0,0.3113133185376663,317.4071984257039,19.0,7.293862447831327,8.0,2032.94327259125,51.0,41.97577720286422,9.708456535007212,23.8061362710029,467.287821978655,657.0
2021-09-16 07:00:00,2,AVERAGE,AVERAGE,AVERAGE,AVERAGE,40171.64327373615,257479.2898102782,267063.2881637797,557028.3938801094,174.0,0.06439031074771195,401.9623443446146,39.0,7.158597274352749,9.0,2040.956155689964,44.0,18.69677724363332,8.706547952027963,26.10778469156859,456.0646442900153,405.0
2021-09-16 07:30:00,1,AVERAGE,HIGH,HIGH,LOW,7982.334948143738,644888.5521373234,325908.8826811978,1279411.597622871,242.0,0.1968480194191496,344.5015089126916,48.0,8.129908884611034,8.0,1311.207748529399,48.0,96.95677397760274,10.73634029759488,19.6571344613159,750.4425516235865,870.0
2021-09-16 08:00:00,2,AVERAGE,AVERAGE,AVERAGE,AVERAGE,57633.59622932955,687901.6168789024,339786.5845226202,1512813.598054838,382.0,0.3041851794388417,294.1258271894006,34.0,8.259062003292227,8.0,1754.432124840837,49.0,70.14287778263038,11.05406326779713,34.040885007151,701.7175829064223,257.0
2021-09-16 08:30:00,2,AVERAGE,HIGH,AVERAGE,LOW,0.0,84868.43157441806,109527.5737963883,110722.7424198419,99.0,0.05684376222444169,295.0025949203003,79.0,7.095539010253961,7.0,1746.050399185729,33.0,42.94273935956286,10.56690318898645,30.19564125956973,275.5150320383347,690.0
2021-09-16 09:00:00,2,HIGH,AVERAGE,AVERAGE,AVERAGE,11877.02817277065,229305.0064458068,256164.1014926268,726172.7360724052,378.0,0.1864570083054113,263.6941801233148,18.0,8.416275669271547,8.0,4167.805188724622,46.0,88.67402428253246,12.57257643977481,21.51308269027899,300.6977727351959,599.0
2021-09-16 09:30:00,2,AVERAGE,AVERAGE,AVERAGE,AVERAGE,0.0,138663.1052654242,290762.8385902427,2957049.676923338,657.0,0.03873965747356894,285.9520308080851,19.0,9.126547462905927,8.0,2552.515622123431,47.0,9.871019124540492,8.20437418133728,27.92341545169798,703.8111036741747,623.0
2021-09-16 10:00:00,2,HIGH,AVERAGE,AVERAGE,AVERAGE,6412.259025871692,304749.035539932,250505.2323541308,136218.192315878,238.0,0.1377795357945819,303.86480263071,35.0,8.299704858979833,7.0,3384.331834607724,90.0,80.7174478400108,10.93720139605192,29.7755218279624,284.9843548703189,650.0
2021-09-16 10:30:00,2,HIGH,AVERAGE,AVERAGE,AVERAGE,37157.05543880742,107893.7952664233,144002.2089952111,2020540.711246367,155.0,0.09766257838597295,195.0203755091183,41.0,8.149933104637697,8.0,2424.385033011292,52.0,49.50784538615282,7.595117457355806,16.6287504998524,403.3313808142055,425.0
2021-09-16 11:00:00,2,HIGH,HIGH,AVERAGE,LOW,63061.57425506964,374743.2664276056,147786.8072082025,1525561.037138962,130.0,0.2525809290153361,263.8286449040557,64.0,7.883300983888935,9.0,5190.465176051075,44.0,57.98666147783464,6.353388907926576,26.059006921386,627.740901953227,450.0
2021-09-16 11:30:00,2,AVERAGE,AVERAGE,AVERAGE,AVERAGE,31337.19369863463,215080.2023327629,205811.1124756967,1032195.065433826,342.0,0.1888659400404741,282.233700109237,44.0,7.339497479476421,8.0,2559.341007679773,40.0,61.32129843480403,9.031931599709242,20.45604171260004,435.6817544119897,508.0
2021-09-16 12:00:00,2,AVERAGE,AVERAGE,AVERAGE,AVERAGE,0.0,136088.8630643649,590866.701322365,2916917.443738769,744.0,0.1121361827107712,282.8449982535478,17.0,8.983255834533093,8.0,2538.503773812194,44.0,0.0,8.349134435926839,27.21497713379091,720.7492409095706,596.0
2021-09-16 12:30:00,2,AVERAGE,AVERAGE,HIGH,AVERAGE,11700.14647908282,130646.0872283198,89473.23724713379,3012538.704071367,440.0,0.3029081495458436,344.4669539762883,17.0,7.735427039221572,9.0,1473.513212987843,65.0,47.80189418203304,14.34042127012002,26.93164963422936,201.2923761418411,548.0
2021-09-16 13:00:00,1,AVERAGE,AVERAGE,AVERAGE,AVERAGE,9805.423499369497,161829.8107571454,0.0,0.0,197.0,0.1174677417000767,406.5904839698233,22.0,9.464183961767873,10.0,2038.419757893001,56.0,33.45800373347376,10.83113177492966,30.05987857480469,286.9908102200793,520.0
2021-09-16 13:30:00,1,AVERAGE,AVERAGE,AVERAGE,AVERAGE,46480.34561748499,147787.6859658209,196113.2392595101,1936494.475242401,526.0,0.04406782960393343,247.2262904589523,34.0,7.661095220849125,9.0,1014.334415462576,56.0,141.1093521078799,12.14008594043673,34.20413057178499,483.0519763233386,499.0
2021-09-16 14:00:00,2,AVERAGE,AVERAGE,HIGH,AVERAGE,27527.59679213295,133837.1709608729,172784.0950793173,776774.804764167,565.0,0.2703826332576927,245.2349133816914,30.0,8.448940435463356,8.0,1410.710222008329,40.0,10.74339111239296,10.36939249676463,33.58141480694686,405.1944687458079,564.0
2021-09-16 14:30:00,1,HIGH,AVERAGE,AVERAGE,AVERAGE,1783.69693756251,126024.1221555416,38260.21617137514,0.0,215.0,0.1073810375724002,246.6002640437478,47.0,8.427876415403706,9.0,2554.826666674705,58.0,49.04892597843418,6.708376848421794,17.64652124085598,282.3471440088975,443.0
2021-09-16 15:00:00,1,AVERAGE,AVERAGE,AVERAGE,AVERAGE,20637.96173123036,150218.744868104,121686.5111167259,0.0,246.0,0.1534191087887925,392.7233882764004,24.0,5.904779880168347,6.0,2843.391485209552,26.0,73.69136272357383,7.369435824436311,18.06269214086114,255.12456849995,410.0
2021-09-16 15:30:00,2,AVERAGE,AVERAGE,AVERAGE,AVERAGE,17838.53388469708,285465.7696721363,4845.011946901242,1340329.526102121,121.0,0.1811063870943132,351.0192640597691,30.0,7.027807055451467,9.0,2279.158708039511,60.0,84.79462273365449,12.99792714601072,27.995380897519,542.2152894426936,647.0
2021-09-16 16:00:00,2,AVERAGE,AVERAGE,AVERAGE,AVERAGE,0.0,197404.8997079407,176075.7618785854,2057430.175687026,396.0,0.1537381079543167,313.2710358042341,29.0,7.81629079980773,10.0,309.5778411570331,36.0,2.332988563158896,6.050354431698367,22.42343254137032,398.5801335022313,525.0
2021-09-16 16:30:00,2,AVERAGE,AVERAGE,AVERAGE,AVERAGE,9301.441442324885,119717.1173002437,93926.06513253524,51618.68853839021,307.0,0.1275815407524863,246.6304485401503,35.0,7.872147579914866,7.0,683.4054254243745,39.0,93.23424785317643,9.11856520028114,34.42520604117278,517.3223463186573,505.0
2021-09-16 17:00:00,2,AVERAGE,AVERAGE,AVERAGE,AVERAGE,4572.516566983557,439246.7493736618,277844.6772062106,1487758.259259962,422.0,0.1475434058017008,272.9209090643773,52.0,8.57432383849466,7.0,3142.257933108216,48.0,21.71641812253955,6.74297649413736,32.04415092746445,331.3402174004858,457.0
2021-09-16 17:30:00,2,HIGH,AVERAGE,AVERAGE,AVERAGE,11911.71540220599,182742.830140068,443098.0540425575,608222.8823720746,679.0,0.1498167707030896,350.6985184410023,18.0,8.24578604978229,8.0,4481.535506053348,77.0,113.7341304038716,8.037476348467587,19.14086714806144,408.3125431389096,558.0
2021-09-16 18:00:00,1,HIGH,HIGH,AVERAGE,LOW,22814.02126552055,410536.7153415713,0.0,121467.5946893896,268.0,0.09940780523227008,353.2153267145427,42.0,8.152110619119396,8.0,4957.706294167933,65.0,64.40601230160478,12.61603900368641,29.86491092322409,250.0221238310316,519.0
2021-09-16 18:30:00,1,AVERAGE,AVERAGE,AVERAGE,AVERAGE,47054.78073210607,62474.37240443478,253143.858077637,151710.7240657867,292.0,0.2457469127962431,359.5742458351398,11.0,8.285870491934897,9.0,1857.841249741151,53.0,45.30217168976241,11.14859012798325,33.11453523403347,380.1839832597997,324.0
2021-09-16 19:00:00,2,AVERAGE,AVERAGE,HIGH,AVERAGE,61279.50331459358,776840.9461368009,0.0,2167833.392367315,487.0,0.300773856988337,289.261154070282,40.0,8.479620269763664,8.0,1840.399951315736,56.0,78.68343539918422,10.54018577529194,32.41396935338593,669.9951300336604,317.0
2021-09-16 19:30:00,2,HIGH,AVERAGE,AVERAGE,AVERAGE,2002.822373482277,83917.79448699762,724106.2153372575,2385962.043991223,181.0,0.1432627813787223,164.594981267833,26.0,7.846966543218136,7.0,3127.084508653546,56.0,83.71262712661851,8.58014507227455,32.55780009234923,220.1210664525853,549.0
2021-09-16 20:00:00,1,AVERAGE,LOW,AVERAGE,HIGH,26432.25512415797,411930.291500177,246280.871761066,897721.8802716645,589.0,0.2342466390045713,310.1140201703184,5.0,8.470936430901574,7.0,1433.78719460995,53.0,90.35858161247444,7.631439758724439,32.49176500967399,347.0597041003489,417.0
2021-09-16 20:30:00,1,AVERAGE,AVERAGE,AVERAGE,AVERAGE,16270.49587442238,238854.8321191811,204656.8574972148,525501.0547660853,132.0,0.1031564455916801,339.2466694594973,52.0,6.861060482861681,7.0,2442.714835199894,58.0,41.76505161671859,5.021462672960157,12.96411871109966,131.0522266356873,663.0
2021-09-16 21:00:00,2,AVERAGE,AVERAGE,AVERAGE,AVERAGE,46861.23869520786,149285.7275174804,420358.7111681801,1911523.584665348,202.0,0.2556906659431888,331.2722254853596,29.0,8.391220287279005,9.0,2982.505152327004,36.0,66.6939188255398,12.19276631072995,34.45789899149703,324.6822288460858,329.0
2021-09-16 21:30:00,2,HIGH,AVERAGE,AVERAGE,AVERAGE,28062.07740702523,311870.1945947784,931.6339939025347,842725.2095551636,519.0,0.1180518532282595,302.8529239114852,17.0,6.467705146830145,9.0,3026.90874612006,58.0,16.38095978426157,10.29895208897643,26.46430929966967,155.7510976604763,354.0
2021-09-16 22:00:00,1,AVERAGE,AVERAGE,AVERAGE,AVERAGE,40761.43846305494,243431.0538794939,140398.104356897,2884441.046050818,594.0,0.07257848359565089,245.927898025291,36.0,7.718626521970156,9.0,1127.286053060497,55.0,123.9998970144141,11.78009301233318,29.63667811582753,511.1082344174891,489.0
2021-09-16 22:30:00,2,AVERAGE,AVERAGE,AVERAGE,AVERAGE,42031.46109568109,164736.565487075,12200.80473930752,1494642.227132221,144.0,0.05451544171503245,407.6964561907757,33.0,6.96274674557354,9.0,1894.752860736836,53.0,29.41632172371952,8.398693773166453,28.62402157483905,451.1543768841016,399.0
2021-09-16 23:00:00,2,HIGH,AVERAGE,AVERAGE,AVERAGE,0.0,406740.9130094312,120505.3234899847,2380135.928316874,288.0,0.07090549047521959,309.226644054392,44.0,8.509731732045694,8.0,2786.394410933403,51.0,0.0,6.061789549094047,28.81493637305861,238.3769813591207,559.0
2021-09-16 23:30:00,1,AVERAGE,AVERAGE,AVERAGE,AVERAGE,26626.55414352675,209326.4505464838,102919.6441454595,363577.0868734675,553.0,0.07085952385659376,259.3439501284511,30.0,7.618555429593768,9.0,1317.464338215781,56.0,116.4007880020253,11.55012132844329,29.08902916226535,524.0710583537528,495.0
2021-09-17 00:00:00,1,AVERAGE,AVERAGE,AVERAGE,AVERAGE,4990.255373090673,304197.2295640815,215107.1498412807,0.0,276.0,0.1463260242449169,344.4557732465972,41.0,6.375858795412134,7.0,2326.349420062424,50.0,37.66218923441389,10.00660671532884,29.85478157188027,530.8954511992855,796.0
2021-09-17 00:30:00,1,HIGH,AVERAGE,AVERAGE,AVERAGE,43426.9690272921,237844.1436024909,123994.2676181106,1558061.756413519,75.0,0.08054451871374724,319.2535905285332,27.0,6.980255640033797,8.0,2541.459390989552,44.0,95.7239834924473,6.832633980846996,27.3410374273793,626.3504535646193,432.0
2021-09-17 01:00:00,2,HIGH,HIGH,AVERAGE,LOW,57089.53068141174,463357.9114177495,132820.8274901685,1768132.69898628,522.0,0.0693906813132674,263.525770291278,54.0,6.727932673863531,7.0,4207.028164659241,61.0,59.63588046281222,8.624557346333205,36.02922333659629,318.6732186789448,287.0
2021-09-17 01:30:00,1,HIGH,AVERAGE,AVERAGE,AVERAGE,13854.40215962812,139361.0977043766,211165.662180602,2387542.085029176,145.0,0.2249549477240317,394.4670744272706,45.0,6.164518031332435,8.0,6985.506804416056,65.0,22.06794541358772,9.617305151333388,33.52532547451256,231.1113987667209,337.0
2021-09-17 02:00:00,2,AVERAGE,AVERAGE,AVERAGE,AVERAGE,67065.79619365156,241079.7159673462,188255.825469991,1416230.077853926,7.0,0.2331235146315374,390.0761794996573,48.0,8.71722471285676,8.0,2642.331122592503,60.0,103.9961070631948,8.101672980625176,20.40689896120491,626.1572255418673,548.0
2021-09-17 02:30:00,1,AVERAGE,HIGH,AVERAGE,LOW,19477.890599817,235009.4189970983,97651.63737532224,1414530.825772942,7.0,0.1169688131813351,354.9108771923542,48.0,7.661769107159533,8.0,1542.070491604891,46.0,165.7678542149472,9.74948588377356,35.28615213889478,758.6860577606159,428.0
2021-09-17 03:00:00,2,AVERAGE,AVERAGE,AVERAGE,AVERAGE,15473.76729984122,160192.5653231797,441875.8000978401,2667497.366089917,272.0,0.2498958086065453,218.7874793054655,24.0,7.981713614271232,7.0,2063.219241192874,65.0,69.71524416428706,7.688333535521855,29.34597770883555,234.4093956804528,353.0
2021-09-17 03:30:00,1,AVERAGE,AVERAGE,AVERAGE,AVERAGE,41980.15283674754,193879.5889136333,223553.89462984,1528667.04642602,551.0,0.07777881118440688,261.9073274164717,34.0,7.628899167965606,9.0,1255.802023984197,63.0,120.3462044200267,12.48677943156425,29.56502188421771,491.8729912353643,577.0
2021-09-17 04:00:00,1,AVERAGE,HIGH,HIGH,LOW,2822.945307296084,788619.5601897911,388911.2226527248,295251.2268808063,213.0,0.1880292289817387,342.4796682102947,39.0,8.151508781531488,8.0,1301.120881306608,49.0,93.65240553348384,11.81954322118868,19.17389063169186,753.1808888871768,828.0
2021-09-17 04:30:00,2,AVERAGE,HIGH,HIGH,LOW,16211.71625307874,197082.6105892068,44936.0915286199,388899.4811768263,415.0,0.1984675163098882,269.1051455866946,68.0,6.078131530800113,9.0,2328.209088703264,31.0,42.84561781781151,9.225254666128002,28.43674953008817,344.2434946490376,370.0
2021-09-17 05:00:00,2,AVERAGE,AVERAGE,AVERAGE,AVERAGE,37851.76937157472,138812.6710676985,101887.3440975735,0.0,377.0,0.1755833093425452,287.6931422346512,42.0,7.223701865417954,8.0,2638.18331351377,47.0,37.72025668464741,9.323893809476445,17.94582622042311,443.7299540031572,520.0
2021-09-17 05:30:00,2,AVERAGE,AVERAGE,AVERAGE,AVERAGE,63904.94043423179,657559.5779876948,257488.2483134525,2275288.247242592,460.0,0.2754895952198131,305.7365725683171,38.0,8.589071924118729,8.0,1835.838072470309,50.0,90.18580056201306,10.50057938668862,34.49914328655218,701.850522418797,262.0
2021-09-17 06:00:00,2,AVERAGE,AVERAGE,AVERAGE,AVERAGE,58544.64033037194,143870.8713776165,566481.4691624731,2723486.52499932,68.0,0.2349513661746948,289.8328965785225,37.0,7.676621941611047,8.0,2362.723064401777,70.0,106.2978655342571,10.37735976017326,30.2222247404218,303.067818022297,608.0
2021-09-17 06:30:00,2,HIGH,AVERAGE,AVERAGE,AVERAGE,15342.57047631783,163280.6739728782,229222.0302775907,826261.8248334158,365.0,0.1992654902865592,340.876136133765,41.0,6.922031253639465,9.0,3636.499355467309,49.0,62.89581114659307,10.6510662083077,25.42074466962297,418.5228253798855,472.0
2021-09-17 07:00:00,2,AVERAGE,HIGH,HIGH,LOW,22850.21408949731,116919.6493498333,116176.5417454593,1553141.396873429,558.0,0.3647370797619682,243.92654712246,46.0,7.87261135995634,8.0,1600.753613798423,69.0,70.81176210812647,13.39935159875949,32.33179145140161,299.645992441703,488.0
2021-09-17 07:30:00,2,AVERAGE,HIGH,AVERAGE,LOW,38802.23177973793,20930.26409461311,612892.241532905,482551.6979468055,90.0,0.1940866772924158,400.4296384319239,61.0,6.144112976419859,10.0,2894.703202015355,42.0,42.85798171354551,10.11080625098794,27.80426616355452,361.9934285528992,407.0
2021-09-17 08:00:00,1,AVERAGE,AVERAGE,HIGH,AVERAGE,18645.73932096647,116409.9142149812,281270.8945987876,2350706.749134962,536.0,0.1707186833518232,340.7748191033417,38.0,9.003920750207156,8.0,2070.780412347464,64.0,88.99943872419945,8.860512192400869,33.24546745612042,229.5051962303606,664.0
2021-09-17 08:30:00,2,AVERAGE,AVERAGE,AVERAGE,AVERAGE,50486.28381369719,181236.8926448851,330956.77357852,236715.3831848511,510.0,0.1631783012811014,260.9107063835804,31.0,6.368633374078708,7.0,2512.020365772152,64.0,64.9418883426608,10.50781649714156,30.4806700516562,365.4027685635054,436.0
2021-09-17 09:00:00,2,AVERAGE,HIGH,AVERAGE,LOW,33888.62327193373,204096.5455367402,462738.4681140585,984024.4262237984,165.0,0.1561108075940371,423.8365550236593,57.0,6.545105232464564,10.0,2966.613450986531,38.0,67.80195165636323,10.67211613836344,28.62298724404716,395.0298007765631,425.0
2021-09-17 09:30:00,1,AVERAGE,AVERAGE,AVERAGE,AVERAGE,9766.74151413388,358412.564721531,349192.8592801724,1088625.899478954,13.0,0.1231672509925622,315.4061298693073,41.0,6.730354079844693,7.0,1467.216018715939,39.0,55.43495108507813,10.56553155265149,19.49998414819181,956.2196870509164,528.0
2021-09-17 10:00:00,2,AVERAGE,HIGH,HIGH,LOW,29808.99052795536,207204.9120391649,249769.8630592347,716470.5681482366,294.0,0.316010022558883,335.2298807812223,62.0,8.882908602550327,9.0,2301.420260927734,66.0,23.95017086392826,9.594497968677398,24.11476231614131,294.5729173619816,350.0
2021-09-17 10:30:00,2,HIGH,HIGH,AVERAGE,LOW,36214.60797689684,362129.1544780337,411087.2861254467,2413221.243351731,435.0,0.1260109196489876,322.5784860405269,77.0,6.616336238204248,8.0,4200.518982689469,58.0,65.40552184404844,8.311822782862103,25.96346500149077,149.8452631241772,361.0
2021-09-17 11:00:00,1,AVERAGE,AVERAGE,AVERAGE,AVERAGE,19714.59427208968,185036.9212433853,302659.7293884521,813201.9179624573,96.0,0.2312389880186602,286.5039004269485,43.0,7.747622852392175,7.0,1265.246347035627,27.0,143.2639262681592,6.936468724902934,31.38354356784405,480.4984882522407,457.0
2021-09-17 11:30:00,2,AVERAGE,HIGH,AVERAGE,LOW,38512.75253437516,149757.8610066209,0.0,4219625.254784898,199.0,0.1880851415981179,185.4283771772016,61.0,7.109103241088894,9.0,1993.207195374274,71.0,66.55426100479076,9.178285541325039,27.65644948714542,431.2114954506305,534.0
2021-09-17 12:00:00,1,AVERAGE,AVERAGE,HIGH,AVERAGE,27183.82599164729,488724.0165497171,126785.4420947851,1699416.09217079,593.0,0.2229089988598166,370.4104507840976,20.0,6.846715599681096,8.0,2356.627559350017,64.0,131.3004894856168,10.37104110699637,34.94154471899796,489.2747628275405,816.0
2021-09-17 12:30:00,1,AVERAGE,AVERAGE,AVERAGE,AVERAGE,9354.014408658322,175502.7023959396,134609.9664056439,850341.5684174704,220.0,0.1566539581589793,378.6479251210998,32.0,6.099838219529488,7.0,2243.687486617715,58.0,38.24074067364928,9.657876932806415,30.5444190987925,544.6288696580033,795.0
2021-09-17 13:00:00,2,AVERAGE,HIGH,AVERAGE,LOW,10314.29194344041,271071.7827819844,201083.0510864291,397851.3974021652,405.0,0.1745875623682868,261.3388144614693,61.0,6.110628694234114,9.0,2434.60325849123,35.0,46.62331793019568,9.320265857004108,29.88881424878373,386.8282055426342,330.0
2021-09-17 13:30:00,1,HIGH,AVERAGE,LOW,AVERAGE,6452.66670774634,54911.0944813364,81671.70155159995,0.0,202.0,0.09525052479525536,335.6270886087556,19.0,6.746282102147105,7.0,2930.332499765067,19.0,115.445610873164,11.31036629403187,35.27664837434041,385.0883347530363,248.0
2021-09-17 14:00:00,2,HIGH,AVERAGE,AVERAGE,AVERAGE,15392.70462673557,95848.79768051938,196130.5324393959,1054932.229984533,322.0,0.09895831652598386,338.6554326846974,39.0,7.289990389336793,9.0,2931.841524543499,50.0,122.5220108035547,9.969345849758005,23.77466115469631,466.9561959203551,570.0
2021-09-17 14:30:00,2,AVERAGE,HIGH,AVERAGE,LOW,16900.69329304657,326529.5330199132,123601.5762427883,932721.2200983278,208.0,0.2404996688776726,215.2267546101612,59.0,7.876334555498115,8.0,1648.370121688475,33.0,124.0996687847311,13.23506652699558,20.79453529604325,431.4178520769244,399.0
2021-09-17 15:00:00,2,AVERAGE,HIGH,HIGH,LOW,47617.94778021988,141201.4080901152,141679.9901954697,0.0,430.0,0.3274604961027191,267.6905261402534,58.0,7.665050726090547,7.0,1269.452099907498,55.0,27.55838932537472,10.1118207693781,23.67590918631603,395.9007786537237,752.0
2021-09-17 15:30:00,1,HIGH,AVERAGE,HIGH,AVERAGE,10837.8402837437,196737.2148826002,346086.2328529552,481259.9338661985,449.0,0.2102059753506339,313.9149982151017,30.0,9.079550978110506,8.0,4630.378009586583,55.0,75.33136142136004,10.18637112738179,33.41484529350815,926.3567640585433,561.0
2021-09-17 16:00:00,2,AVERAGE,HIGH,AVERAGE,LOW,37525.41069073867,124698.4741402984,42435.75478566805,1007841.356137935,154.0,0.1377058044263128,270.5117515171272,53.0,7.416604217667182,9.0,2459.243697369713,21.0,42.08591644135836,10.30518474612839,25.05380101721679,442.1528448486976,526.0
2021-09-17 16:30:00,2,AVERAGE,HIGH,AVERAGE,LOW,12651.62968954561,122553.7067361976,143397.2253357545,572012.3032035559,689.0,0.01182354347376814,287.4421612549179,63.0,7.552479427945578,8.0,2665.996580605869,43.0,90.26020014376081,9.588963087480193,26.30043291698812,436.7377018495206,472.0
2021-09-17 17:00:00,1,HIGH,AVERAGE,AVERAGE,AVERAGE,2091.205498422221,55552.81439607117,0.0,0.0,482.0,0.256243903784972,373.6365262368491,19.0,8.785125141222654,9.0,5010.495906974675,43.0,99.21089766561731,7.20803608947809,18.52877136992964,279.3303023364565,337.0
2021-09-17 17:30:00,1,HIGH,AVERAGE,AVERAGE,AVERAGE,26676.30395010299,426328.6059327567,0.0,268284.6474438027,123.0,0.251770151851804,217.3551563055929,52.0,7.929831750686929,8.0,2872.57488801651,76.0,74.65689887558038,8.536906528771691,33.12453245484437,358.3698681314796,539.0
2021-09-17 18:00:00,1,HIGH,AVERAGE,AVERAGE,AVERAGE,6468.964382904325,110293.772391636,208974.247135603,1346102.307864493,136.0,0.2400953605788559,373.1656795269388,41.0,6.105043954464976,8.0,6770.665952950139,53.0,17.780492557576,9.718706859482012,32.83735309792653,281.301938699531,347.0
2021-09-17 18:30:00,2,AVERAGE,AVERAGE,AVERAGE,AVERAGE,6167.033891251027,276411.3494675881,257608.3704864729,1915284.909821309,474.0,0.1626830427768593,297.9440920271864,46.0,8.679234264343426,7.0,3064.283171861868,37.0,32.58535981090544,7.364444302767546,33.31193098715352,310.2570239766952,493.0
2021-09-17 19:00:00,2,HIGH,HIGH,HIGH,LOW,33759.62324201071,346560.6722112888,439597.4589885265,2453708.668694668,477.0,0.155757551245725,313.7484210659013,72.0,6.907002999149926,8.0,4231.287975115254,54.0,59.81082113286471,7.27388075190468,26.01973446883441,189.0048511587582,347.0
2021-09-17 19:30:00,2,AVERAGE,AVERAGE,HIGH,AVERAGE,29303.24354548342,127839.436423568,60306.62849436721,1173022.353569221,535.0,0.289379630274621,378.4841853671669,47.0,8.292699870061412,8.0,1837.047444024562,55.0,50.14110549841318,7.540130144433369,29.02209919017693,480.7779251928034,420.0
2021-09-17 20:00:00,1,AVERAGE,AVERAGE,AVERAGE,AVERAGE,964.0515067198196,0.0,0.0,1244217.388745687,387.0,0.1628613919463642,414.4360284151163,27.0,6.018436210066608,6.0,2183.084482338887,65.0,34.70608526470303,5.601602325497502,15.90368884728203,289.4892971150454,619.0
2021-09-17 20:30:00,2,AVERAGE,HIGH,AVERAGE,LOW,44050.62660105033,174007.8489467261,226089.8924448218,1486194.557123336,114.0,0.09362145224732644,267.4559527724988,56.0,7.623979235865487,9.0,2134.975291694911,19.0,57.14590935593251,10.13945903744089,27.52877566188632,426.8742431162232,527.0
2021-09-17 21:00:00,2,HIGH,HIGH,AVERAGE,LOW,17181.57162156849,88535.76458116953,300701.4929308692,1123663.463812368,559.0,0.09150365181397324,284.9816370926159,53.0,7.813984507203597,8.0,3523.562521401896,47.0,108.5708617649988,8.511407895624952,19.93194930290232,705.1192019902646,250.0
2021-09-17 21:30:00,2,AVERAGE,HIGH,AVERAGE,LOW,24084.62859412586,259445.8728111276,498715.2022866369,0.0,622.0,0.117865004823602,329.4638473574241,52.0,6.937628413171168,8.0,1509.662086800311,54.0,90.04978449352151,12.06832443676466,27.87501115567603,1333.809190282514,354.0
2021-09-17 22:00:00,2,AVERAGE,HIGH,AVERAGE,LOW,22511.61703106777,42780.76167360056,60641.09317006177,362291.2536281856,291.0,0.0652127226812823,331.0710793862741,64.0,6.950856462823477,9.0,1818.290489892778,54.0,75.66479456100409,11.55599406918786,26.94456004636278,346.3538811173747,584.0
2021-09-17 22:30:00,2,AVERAGE,HIGH,AVERAGE,LOW,16344.52652640257,66570.32802728284,182217.9288148648,371904.6900078669,337.0,0.1205888067487136,321.5318989549223,71.0,7.960145307468971,8.0,3001.18070010237,52.0,87.1161966714702,8.465685086972021,34.27017671952933,327.4944107059444,493.0
2021-09-17 23:00:00,2,HIGH,AVERAGE,AVERAGE,AVERAGE,10457.90501698816,194844.737354059,399859.4632402206,1945625.413114187,262.0,0.1452138129362853,307.4574132421878,38.0,8.003461485891604,7.0,3725.495559376598,86.0,66.55089887088826,10.94990000060633,32.69686604062238,209.9076681170643,634.0
2021-09-17 23:30:00,1,AVERAGE,HIGH,AVERAGE,LOW,2519.716835736112,107006.3525897405,246079.0303354143,0.0,273.0,0.002769933290786259,267.5560631891918,50.0,7.070693884516094,9.0,1147.561507092081,49.0,88.84589208623987,10.41105573999865,29.16222554005491,288.8768674930948,546.0
2021-09-18 00:00:00,2,AVERAGE,HIGH,HIGH,LOW,2132.947348467068,0.0,127628.4178187264,1977906.630053441,884.0,0.426476463120331,234.9440127011244,52.0,8.586631883549286,9.0,2467.195769059384,82.0,44.69438868566553,14.77059268873701,40.6897148227602,342.1264536327773,422.0
2021-09-18 00:30:00,2,HIGH,AVERAGE,AVERAGE,AVERAGE,49421.78444235038,361250.4669750473,64029.87726485079,2157081.40594425,121.0,0.2535242423648129,313.218234308962,29.0,6.000224585387108,9.0,4041.228585754523,46.0,117.8514786663292,8.76878536731173,22.27961882642336,452.7116382417735,748.0
2021-09-18 01:00:00,2,AVERAGE,HIGH,AVERAGE,LOW,28293.45776811234,116129.3334188922,91457.91236582832,1542251.505116854,341.0,0.04878087245221345,330.2715016210195,67.0,7.0520616328401,9.0,1677.628324376079,54.0,55.79520744636338,11.02901182278733,29.79031239670708,283.5320247666393,645.0
2021-09-18 01:30:00,2,AVERAGE,HIGH,HIGH,LOW,13731.94560042664,297088.4493217047,253778.7899835019,1547076.160598319,335.0,0.3044511709806533,225.0702705173428,29.0,7.706682120154541,7.0,974.3403333954114,41.0,47.3297521464084,14.1512392427522,32.79274020434401,66.58800720029936,553.0
2021-09-18 02:00:00,1,HIGH,HIGH,AVERAGE,LOW,15622.88124982352,438110.368983785,168933.5879764781,0.0,200.0,0.06860585681054758,355.5422432640389,42.0,8.077440448921598,8.0,4902.206417748291,63.0,72.44119536099923,11.32697393713123,30.61272996045721,311.3347941768004,477.0
2021-09-18 02:30:00,2,HIGH,AVERAGE,AVERAGE,AVERAGE,17671.71713533204,191703.4006207684,175107.9780811029,428198.6441293429,723.0,0.1475280173952145,361.3463731391495,18.0,8.302209396598446,8.0,4509.735319476994,79.0,123.0481077600327,7.743350737901657,21.4609505755402,432.2029263341962,534.0
2021-09-18 03:00:00,2,AVERAGE,HIGH,HIGH,LOW,43655.18528830122,17161.85130786986,40489.12639948333,150472.5779638643,463.0,0.2473199427422772,309.0678435915144,48.0,7.235785994177634,7.0,2606.707372519836,72.0,62.18494202351346,10.79798796955448,44.51078804664038,779.3772434039097,603.0
2021-09-18 03:30:00,2,HIGH,AVERAGE,AVERAGE,AVERAGE,45068.58172426987,180834.7083051655,274866.1279376171,1977883.392573204,393.0,0.2181744932281096,327.8312814051999,30.0,8.627658266183396,7.0,4428.650872317296,53.0,65.86645877010922,10.87215095821485,24.90542773012795,406.4654604991493,407.0
2021-09-18 04:00:00,2,AVERAGE,HIGH,AVERAGE,LOW,8088.259981580391,306229.5853287595,0.0,1105876.972309311,536.0,0.1272786654375148,373.733797294398,44.0,6.970415736436649,7.0,1330.061062350011,59.0,101.6428670513616,11.60795035843669,29.99721094427901,214.9122766242626,130.0
2021-09-18 04:30:00,1,HIGH,HIGH,AVERAGE,LOW,2734.730074494155,149900.0577822919,352310.9904259522,1426240.719758728,116.0,0.2720088748892038,261.2281595199304,34.0,8.351660799782014,7.0,6770.629726553188,61.0,129.3455970953551,13.98799173951711,32.27793104806909,144.7682164298752,506.0
2021-09-18 05:00:00,2,AVERAGE,AVERAGE,HIGH,AVERAGE,4888.737933317792,181099.3125182235,618048.7409697552,2318673.035552572,321.0,0.2991016201888337,348.6342129622155,41.0,7.609400172483998,8.0,2205.955543249498,61.0,81.42643612371594,8.06296897146205,24.38967594141612,430.0318946447452,402.0
2021-09-18 05:30:00,2,AVERAGE,AVERAGE,AVERAGE,AVERAGE,0.0,97545.72242128891,394209.6862026097,1710172.467688794,675.0,0.07330666499984946,274.7127582393525,22.0,9.010498939805242,8.0,2309.815397435787,50.0,13.1040250594101,7.950810115659791,30.83901043255815,686.2152408749113,597.0
2021-09-18 06:00:00,2,AVERAGE,AVERAGE,AVERAGE,AVERAGE,49484.94792236199,807987.3213700049,204625.9141525975,3271806.237864665,315.0,0.1160491178409872,249.4524945912234,38.0,6.790362093653509,8.0,2427.253063758936,47.0,145.3424437645262,9.024855653542602,25.38836473108116,661.4011860703511,623.0
2021-09-18 06:30:00,2,HIGH,AVERAGE,AVERAGE,AVERAGE,8390.384528301976,239568.6077652875,224289.1335274813,1756437.624514532,1.0,0.2301808368942583,254.3526618598086,31.0,7.678113476272902,8.0,4218.678906458906,35.0,75.83835784066333,9.078288055297245,13.73296917142993,376.3009377620598,520.0
2021-09-18 07:00:00,1,AVERAGE,AVERAGE,AVERAGE,AVERAGE,33540.36295382286,139826.0042670483,239660.4059067332,366585.7284415767,225.0,0.2565662021129823,350.9859760332487,9.0,8.159960302511076,9.0,1917.183940915891,50.0,54.03443162228846,11.18088075584025,31.51483798707118,408.8790830380466,386.0
2021-09-18 07:30:00,1,AVERAGE,AVERAGE,AVERAGE,AVERAGE,18575.62531932321,124265.3745666113,410454.8567599802,1002751.434196466,124.0,0.1409981663510613,358.038560492525,46.0,7.257359341151135,8.0,1185.048274933637,50.0,161.233203290984,9.00265275705235,34.34269684567714,682.6220186833591,380.0
2021-09-18 08:00:00,1,AVERAGE,HIGH,AVERAGE,LOW,0.0,66156.2513204118,0.0,0.0,157.0,0.0446143342463526,320.9084208475537,63.0,6.854007238441179,8.0,2158.302183938757,50.0,51.82301487979759,6.969660038971127,24.23420988745042,346.0067272333363,662.0
2021-09-18 08:30:00,1,AVERAGE,AVERAGE,AVERAGE,AVERAGE,20197.97773178971,111414.7224965115,130985.5991938366,895040.7430084713,153.0,0.1560344530376465,341.2329795080701,46.0,7.810799109258297,8.0,1151.314113016331,40.0,163.8880157120213,8.348757496477788,35.80102326467082,759.2192736905428,432.0
2021-09-18 09:00:00,1,AVERAGE,HIGH,HIGH,LOW,24127.00732588544,392750.464287678,396366.2655770548,1466210.568050436,371.0,0.3598769828587836,257.8322819251032,53.0,9.276987662870315,8.0,3792.527847349665,42.0,75.06438328166814,10.69084975412039,26.35431276504473,338.3932847996405,423.0
2021-09-18 09:30:00,2,AVERAGE,AVERAGE,AVERAGE,AVERAGE,10198.11420938309,238798.1568594849,272420.9506321885,2112787.363399311,274.0,0.1407732128185867,301.5445236084971,44.0,6.604290106441006,7.0,2243.947758076984,54.0,101.6476272274805,6.313539003986367,29.19785583960252,321.828420346429,426.0
2021-09-18 10:00:00,2,LOW,AVERAGE,HIGH,AVERAGE,8399.124596966414,183736.2170809207,238852.1339599369,3893530.185056862,270.0,0.2964960667778373,232.592261921944,26.0,7.490594963129778,7.0,563.2506320508929,36.0,44.9298547497776,12.98576912502406,33.18271871548878,91.95053915719988,577.0
